file1,file2,same,score
101_1.tif,101_2.tif,1,0.354839
101_1.tif,101_3.tif,1,0.344828
101_1.tif,101_4.tif,1,0.360465
101_1.tif,101_5.tif,1,0.280000
101_1.tif,101_6.tif,1,0.415254
101_1.tif,101_7.tif,1,0.389831
101_1.tif,101_8.tif,1,0.414141
101_1.tif,102_1.tif,0,0.279661
101_1.tif,102_2.tif,0,0.355932
101_1.tif,102_3.tif,0,0.381356
101_1.tif,102_4.tif,0,0.322034
101_1.tif,102_5.tif,0,0.294118
101_1.tif,102_6.tif,0,0.398305
101_1.tif,102_7.tif,0,0.340000
101_1.tif,102_8.tif,0,0.276190
101_1.tif,103_1.tif,0,0.406780
101_1.tif,103_2.tif,0,0.355932
101_1.tif,103_3.tif,0,0.305085
101_1.tif,103_4.tif,0,0.338235
101_1.tif,103_5.tif,0,0.381356
101_1.tif,103_6.tif,0,0.355932
101_1.tif,103_7.tif,0,0.271186
101_1.tif,103_8.tif,0,0.371429
101_1.tif,104_1.tif,0,0.381356
101_1.tif,104_2.tif,0,0.432203
101_1.tif,104_3.tif,0,0.294643
101_1.tif,104_4.tif,0,0.432203
101_1.tif,104_5.tif,0,0.376238
101_1.tif,104_6.tif,0,0.491525
101_1.tif,104_7.tif,0,0.533898
101_1.tif,104_8.tif,0,0.322034
101_1.tif,105_1.tif,0,0.364407
101_1.tif,105_2.tif,0,0.338983
101_1.tif,105_3.tif,0,0.262712
101_1.tif,105_4.tif,0,0.313559
101_1.tif,105_5.tif,0,0.381356
101_1.tif,105_6.tif,0,0.338983
101_1.tif,105_7.tif,0,0.432203
101_1.tif,105_8.tif,0,0.292035
101_1.tif,106_1.tif,0,0.415254
101_1.tif,106_2.tif,0,0.381356
101_1.tif,106_3.tif,0,0.449153
101_1.tif,106_4.tif,0,0.381356
101_1.tif,106_5.tif,0,0.440678
101_1.tif,106_6.tif,0,0.423729
101_1.tif,106_7.tif,0,0.423729
101_1.tif,106_8.tif,0,0.293578
101_1.tif,107_1.tif,0,0.265487
101_1.tif,107_2.tif,0,0.347458
101_1.tif,107_3.tif,0,0.457627
101_1.tif,107_4.tif,0,0.364407
101_1.tif,107_5.tif,0,0.347826
101_1.tif,107_6.tif,0,0.457627
101_1.tif,107_7.tif,0,0.288136
101_1.tif,107_8.tif,0,0.161290
101_1.tif,108_1.tif,0,0.372881
101_1.tif,108_2.tif,0,0.389831
101_1.tif,108_3.tif,0,0.322034
101_1.tif,108_4.tif,0,0.372881
101_1.tif,108_5.tif,0,0.313559
101_1.tif,108_6.tif,0,0.432203
101_1.tif,108_7.tif,0,0.355932
101_1.tif,108_8.tif,0,0.288136
101_1.tif,109_1.tif,0,0.255814
101_1.tif,109_2.tif,0,0.364583
101_1.tif,109_3.tif,0,0.273810
101_1.tif,109_4.tif,0,0.358025
101_1.tif,109_5.tif,0,0.274510
101_1.tif,109_6.tif,0,0.289855
101_1.tif,109_7.tif,0,0.305556
101_1.tif,109_8.tif,0,0.224490
101_1.tif,110_1.tif,0,0.299145
101_1.tif,110_2.tif,0,0.254237
101_1.tif,110_3.tif,0,0.254237
101_1.tif,110_4.tif,0,0.301724
101_1.tif,110_5.tif,0,0.228571
101_1.tif,110_6.tif,0,0.277778
101_1.tif,110_7.tif,0,0.389831
101_1.tif,110_8.tif,0,0.338983
101_2.tif,101_3.tif,1,0.301075
101_2.tif,101_4.tif,1,0.302326
101_2.tif,101_5.tif,1,0.260000
101_2.tif,101_6.tif,1,0.397849
101_2.tif,101_7.tif,1,0.408602
101_2.tif,101_8.tif,1,0.311828
101_2.tif,102_1.tif,0,0.290323
101_2.tif,102_2.tif,0,0.344086
101_2.tif,102_3.tif,0,0.419355
101_2.tif,102_4.tif,0,0.333333
101_2.tif,102_5.tif,0,0.270588
101_2.tif,102_6.tif,0,0.483871
101_2.tif,102_7.tif,0,0.322581
101_2.tif,102_8.tif,0,0.215054
101_2.tif,103_1.tif,0,0.430108
101_2.tif,103_2.tif,0,0.387097
101_2.tif,103_3.tif,0,0.311828
101_2.tif,103_4.tif,0,0.338235
101_2.tif,103_5.tif,0,0.387097
101_2.tif,103_6.tif,0,0.408602
101_2.tif,103_7.tif,0,0.311828
101_2.tif,103_8.tif,0,0.357143
101_2.tif,104_1.tif,0,0.333333
101_2.tif,104_2.tif,0,0.397849
101_2.tif,104_3.tif,0,0.333333
101_2.tif,104_4.tif,0,0.430108
101_2.tif,104_5.tif,0,0.333333
101_2.tif,104_6.tif,0,0.537634
101_2.tif,104_7.tif,0,0.462366
101_2.tif,104_8.tif,0,0.322581
101_2.tif,105_1.tif,0,0.333333
101_2.tif,105_2.tif,0,0.354839
101_2.tif,105_3.tif,0,0.279570
101_2.tif,105_4.tif,0,0.365591
101_2.tif,105_5.tif,0,0.387097
101_2.tif,105_6.tif,0,0.387097
101_2.tif,105_7.tif,0,0.408602
101_2.tif,105_8.tif,0,0.258065
101_2.tif,106_1.tif,0,0.419355
101_2.tif,106_2.tif,0,0.430108
101_2.tif,106_3.tif,0,0.462366
101_2.tif,106_4.tif,0,0.354839
101_2.tif,106_5.tif,0,0.387097
101_2.tif,106_6.tif,0,0.365591
101_2.tif,106_7.tif,0,0.376344
101_2.tif,106_8.tif,0,0.311828
101_2.tif,107_1.tif,0,0.344086
101_2.tif,107_2.tif,0,0.258065
101_2.tif,107_3.tif,0,0.387097
101_2.tif,107_4.tif,0,0.387097
101_2.tif,107_5.tif,0,0.376344
101_2.tif,107_6.tif,0,0.483871
101_2.tif,107_7.tif,0,0.301075
101_2.tif,107_8.tif,0,0.215054
101_2.tif,108_1.tif,0,0.430108
101_2.tif,108_2.tif,0,0.430108
101_2.tif,108_3.tif,0,0.365591
101_2.tif,108_4.tif,0,0.387097
101_2.tif,108_5.tif,0,0.344086
101_2.tif,108_6.tif,0,0.494624
101_2.tif,108_7.tif,0,0.333333
101_2.tif,108_8.tif,0,0.354839
101_2.tif,109_1.tif,0,0.255814
101_2.tif,109_2.tif,0,0.301075
101_2.tif,109_3.tif,0,0.273810
101_2.tif,109_4.tif,0,0.308642
101_2.tif,109_5.tif,0,0.344086
101_2.tif,109_6.tif,0,0.202899
101_2.tif,109_7.tif,0,0.365591
101_2.tif,109_8.tif,0,0.225806
101_2.tif,110_1.tif,0,0.290323
101_2.tif,110_2.tif,0,0.311828
101_2.tif,110_3.tif,0,0.311828
101_2.tif,110_4.tif,0,0.279570
101_2.tif,110_5.tif,0,0.311828
101_2.tif,110_6.tif,0,0.247312
101_2.tif,110_7.tif,0,0.387097
101_2.tif,110_8.tif,0,0.322581
101_3.tif,101_4.tif,1,0.325581
101_3.tif,101_5.tif,1,0.280000
101_3.tif,101_6.tif,1,0.387931
101_3.tif,101_7.tif,1,0.370690
101_3.tif,101_8.tif,1,0.333333
101_3.tif,102_1.tif,0,0.284483
101_3.tif,102_2.tif,0,0.336207
101_3.tif,102_3.tif,0,0.310345
101_3.tif,102_4.tif,0,0.293103
101_3.tif,102_5.tif,0,0.282353
101_3.tif,102_6.tif,0,0.396552
101_3.tif,102_7.tif,0,0.280000
101_3.tif,102_8.tif,0,0.209524
101_3.tif,103_1.tif,0,0.413793
101_3.tif,103_2.tif,0,0.336207
101_3.tif,103_3.tif,0,0.310345
101_3.tif,103_4.tif,0,0.382353
101_3.tif,103_5.tif,0,0.336207
101_3.tif,103_6.tif,0,0.370690
101_3.tif,103_7.tif,0,0.336207
101_3.tif,103_8.tif,0,0.371429
101_3.tif,104_1.tif,0,0.344828
101_3.tif,104_2.tif,0,0.336207
101_3.tif,104_3.tif,0,0.285714
101_3.tif,104_4.tif,0,0.448276
101_3.tif,104_5.tif,0,0.287129
101_3.tif,104_6.tif,0,0.448276
101_3.tif,104_7.tif,0,0.534483
101_3.tif,104_8.tif,0,0.310345
101_3.tif,105_1.tif,0,0.362069
101_3.tif,105_2.tif,0,0.327586
101_3.tif,105_3.tif,0,0.258621
101_3.tif,105_4.tif,0,0.362069
101_3.tif,105_5.tif,0,0.344828
101_3.tif,105_6.tif,0,0.310345
101_3.tif,105_7.tif,0,0.362069
101_3.tif,105_8.tif,0,0.283186
101_3.tif,106_1.tif,0,0.396552
101_3.tif,106_2.tif,0,0.405172
101_3.tif,106_3.tif,0,0.422414
101_3.tif,106_4.tif,0,0.387931
101_3.tif,106_5.tif,0,0.482759
101_3.tif,106_6.tif,0,0.353448
101_3.tif,106_7.tif,0,0.405172
101_3.tif,106_8.tif,0,0.302752
101_3.tif,107_1.tif,0,0.274336
101_3.tif,107_2.tif,0,0.301724
101_3.tif,107_3.tif,0,0.327586
101_3.tif,107_4.tif,0,0.310345
101_3.tif,107_5.tif,0,0.373913
101_3.tif,107_6.tif,0,0.465517
101_3.tif,107_7.tif,0,0.275862
101_3.tif,107_8.tif,0,0.236559
101_3.tif,108_1.tif,0,0.362069
101_3.tif,108_2.tif,0,0.301724
101_3.tif,108_3.tif,0,0.301724
101_3.tif,108_4.tif,0,0.370690
101_3.tif,108_5.tif,0,0.301724
101_3.tif,108_6.tif,0,0.482759
101_3.tif,108_7.tif,0,0.336207
101_3.tif,108_8.tif,0,0.301724
101_3.tif,109_1.tif,0,0.290698
101_3.tif,109_2.tif,0,0.333333
101_3.tif,109_3.tif,0,0.273810
101_3.tif,109_4.tif,0,0.333333
101_3.tif,109_5.tif,0,0.284314
101_3.tif,109_6.tif,0,0.231884
101_3.tif,109_7.tif,0,0.287037
101_3.tif,109_8.tif,0,0.295918
101_3.tif,110_1.tif,0,0.353448
101_3.tif,110_2.tif,0,0.318966
101_3.tif,110_3.tif,0,0.258621
101_3.tif,110_4.tif,0,0.275862
101_3.tif,110_5.tif,0,0.238095
101_3.tif,110_6.tif,0,0.268519
101_3.tif,110_7.tif,0,0.387931
101_3.tif,110_8.tif,0,0.267241
101_4.tif,101_5.tif,1,0.320000
101_4.tif,101_6.tif,1,0.418605
101_4.tif,101_7.tif,1,0.372093
101_4.tif,101_8.tif,1,0.279070
101_4.tif,102_1.tif,0,0.348837
101_4.tif,102_2.tif,0,0.348837
101_4.tif,102_3.tif,0,0.395349
101_4.tif,102_4.tif,0,0.360465
101_4.tif,102_5.tif,0,0.235294
101_4.tif,102_6.tif,0,0.430233
101_4.tif,102_7.tif,0,0.290698
101_4.tif,102_8.tif,0,0.232558
101_4.tif,103_1.tif,0,0.465116
101_4.tif,103_2.tif,0,0.360465
101_4.tif,103_3.tif,0,0.348837
101_4.tif,103_4.tif,0,0.235294
101_4.tif,103_5.tif,0,0.325581
101_4.tif,103_6.tif,0,0.360465
101_4.tif,103_7.tif,0,0.337209
101_4.tif,103_8.tif,0,0.300000
101_4.tif,104_1.tif,0,0.279070
101_4.tif,104_2.tif,0,0.395349
101_4.tif,104_3.tif,0,0.348837
101_4.tif,104_4.tif,0,0.406977
101_4.tif,104_5.tif,0,0.267442
101_4.tif,104_6.tif,0,0.488372
101_4.tif,104_7.tif,0,0.441860
101_4.tif,104_8.tif,0,0.348837
101_4.tif,105_1.tif,0,0.325581
101_4.tif,105_2.tif,0,0.348837
101_4.tif,105_3.tif,0,0.255814
101_4.tif,105_4.tif,0,0.325581
101_4.tif,105_5.tif,0,0.372093
101_4.tif,105_6.tif,0,0.279070
101_4.tif,105_7.tif,0,0.406977
101_4.tif,105_8.tif,0,0.302326
101_4.tif,106_1.tif,0,0.325581
101_4.tif,106_2.tif,0,0.383721
101_4.tif,106_3.tif,0,0.418605
101_4.tif,106_4.tif,0,0.406977
101_4.tif,106_5.tif,0,0.406977
101_4.tif,106_6.tif,0,0.383721
101_4.tif,106_7.tif,0,0.360465
101_4.tif,106_8.tif,0,0.302326
101_4.tif,107_1.tif,0,0.302326
101_4.tif,107_2.tif,0,0.279070
101_4.tif,107_3.tif,0,0.348837
101_4.tif,107_4.tif,0,0.337209
101_4.tif,107_5.tif,0,0.348837
101_4.tif,107_6.tif,0,0.406977
101_4.tif,107_7.tif,0,0.255814
101_4.tif,107_8.tif,0,0.244186
101_4.tif,108_1.tif,0,0.406977
101_4.tif,108_2.tif,0,0.383721
101_4.tif,108_3.tif,0,0.313953
101_4.tif,108_4.tif,0,0.383721
101_4.tif,108_5.tif,0,0.302326
101_4.tif,108_6.tif,0,0.395349
101_4.tif,108_7.tif,0,0.325581
101_4.tif,108_8.tif,0,0.302326
101_4.tif,109_1.tif,0,0.244186
101_4.tif,109_2.tif,0,0.290698
101_4.tif,109_3.tif,0,0.226190
101_4.tif,109_4.tif,0,0.271605
101_4.tif,109_5.tif,0,0.255814
101_4.tif,109_6.tif,0,0.275362
101_4.tif,109_7.tif,0,0.313953
101_4.tif,109_8.tif,0,0.313953
101_4.tif,110_1.tif,0,0.290698
101_4.tif,110_2.tif,0,0.290698
101_4.tif,110_3.tif,0,0.232558
101_4.tif,110_4.tif,0,0.279070
101_4.tif,110_5.tif,0,0.267442
101_4.tif,110_6.tif,0,0.267442
101_4.tif,110_7.tif,0,0.372093
101_4.tif,110_8.tif,0,0.337209
101_5.tif,101_6.tif,1,0.280000
101_5.tif,101_7.tif,1,0.280000
101_5.tif,101_8.tif,1,0.240000
101_5.tif,102_1.tif,0,0.200000
101_5.tif,102_2.tif,0,0.300000
101_5.tif,102_3.tif,0,0.340000
101_5.tif,102_4.tif,0,0.280000
101_5.tif,102_5.tif,0,0.260000
101_5.tif,102_6.tif,0,0.360000
101_5.tif,102_7.tif,0,0.300000
101_5.tif,102_8.tif,0,0.300000
101_5.tif,103_1.tif,0,0.380000
101_5.tif,103_2.tif,0,0.300000
101_5.tif,103_3.tif,0,0.300000
101_5.tif,103_4.tif,0,0.240000
101_5.tif,103_5.tif,0,0.320000
101_5.tif,103_6.tif,0,0.320000
101_5.tif,103_7.tif,0,0.300000
101_5.tif,103_8.tif,0,0.340000
101_5.tif,104_1.tif,0,0.320000
101_5.tif,104_2.tif,0,0.380000
101_5.tif,104_3.tif,0,0.280000
101_5.tif,104_4.tif,0,0.340000
101_5.tif,104_5.tif,0,0.200000
101_5.tif,104_6.tif,0,0.400000
101_5.tif,104_7.tif,0,0.340000
101_5.tif,104_8.tif,0,0.320000
101_5.tif,105_1.tif,0,0.280000
101_5.tif,105_2.tif,0,0.280000
101_5.tif,105_3.tif,0,0.260000
101_5.tif,105_4.tif,0,0.300000
101_5.tif,105_5.tif,0,0.400000
101_5.tif,105_6.tif,0,0.300000
101_5.tif,105_7.tif,0,0.320000
101_5.tif,105_8.tif,0,0.240000
101_5.tif,106_1.tif,0,0.380000
101_5.tif,106_2.tif,0,0.360000
101_5.tif,106_3.tif,0,0.320000
101_5.tif,106_4.tif,0,0.360000
101_5.tif,106_5.tif,0,0.400000
101_5.tif,106_6.tif,0,0.320000
101_5.tif,106_7.tif,0,0.320000
101_5.tif,106_8.tif,0,0.280000
101_5.tif,107_1.tif,0,0.340000
101_5.tif,107_2.tif,0,0.260000
101_5.tif,107_3.tif,0,0.360000
101_5.tif,107_4.tif,0,0.360000
101_5.tif,107_5.tif,0,0.280000
101_5.tif,107_6.tif,0,0.340000
101_5.tif,107_7.tif,0,0.220000
101_5.tif,107_8.tif,0,0.280000
101_5.tif,108_1.tif,0,0.320000
101_5.tif,108_2.tif,0,0.300000
101_5.tif,108_3.tif,0,0.300000
101_5.tif,108_4.tif,0,0.300000
101_5.tif,108_5.tif,0,0.320000
101_5.tif,108_6.tif,0,0.320000
101_5.tif,108_7.tif,0,0.300000
101_5.tif,108_8.tif,0,0.260000
101_5.tif,109_1.tif,0,0.280000
101_5.tif,109_2.tif,0,0.220000
101_5.tif,109_3.tif,0,0.260000
101_5.tif,109_4.tif,0,0.260000
101_5.tif,109_5.tif,0,0.340000
101_5.tif,109_6.tif,0,0.200000
101_5.tif,109_7.tif,0,0.220000
101_5.tif,109_8.tif,0,0.360000
101_5.tif,110_1.tif,0,0.220000
101_5.tif,110_2.tif,0,0.300000
101_5.tif,110_3.tif,0,0.240000
101_5.tif,110_4.tif,0,0.260000
101_5.tif,110_5.tif,0,0.320000
101_5.tif,110_6.tif,0,0.340000
101_5.tif,110_7.tif,0,0.220000
101_5.tif,110_8.tif,0,0.220000
101_6.tif,101_7.tif,1,0.393103
101_6.tif,101_8.tif,1,0.404040
101_6.tif,102_1.tif,0,0.338129
101_6.tif,102_2.tif,0,0.331034
101_6.tif,102_3.tif,0,0.363636
101_6.tif,102_4.tif,0,0.326241
101_6.tif,102_5.tif,0,0.329412
101_6.tif,102_6.tif,0,0.393103
101_6.tif,102_7.tif,0,0.330000
101_6.tif,102_8.tif,0,0.314286
101_6.tif,103_1.tif,0,0.420690
101_6.tif,103_2.tif,0,0.356589
101_6.tif,103_3.tif,0,0.325758
101_6.tif,103_4.tif,0,0.411765
101_6.tif,103_5.tif,0,0.331034
101_6.tif,103_6.tif,0,0.372414
101_6.tif,103_7.tif,0,0.319149
101_6.tif,103_8.tif,0,0.428571
101_6.tif,104_1.tif,0,0.351724
101_6.tif,104_2.tif,0,0.413793
101_6.tif,104_3.tif,0,0.375000
101_6.tif,104_4.tif,0,0.372414
101_6.tif,104_5.tif,0,0.405941
101_6.tif,104_6.tif,0,0.468966
101_6.tif,104_7.tif,0,0.482759
101_6.tif,104_8.tif,0,0.312000
101_6.tif,105_1.tif,0,0.372414
101_6.tif,105_2.tif,0,0.324138
101_6.tif,105_3.tif,0,0.255474
101_6.tif,105_4.tif,0,0.364341
101_6.tif,105_5.tif,0,0.365517
101_6.tif,105_6.tif,0,0.322581
101_6.tif,105_7.tif,0,0.393103
101_6.tif,105_8.tif,0,0.292035
101_6.tif,106_1.tif,0,0.351724
101_6.tif,106_2.tif,0,0.372414
101_6.tif,106_3.tif,0,0.413793
101_6.tif,106_4.tif,0,0.357664
101_6.tif,106_5.tif,0,0.420690
101_6.tif,106_6.tif,0,0.386364
101_6.tif,106_7.tif,0,0.386207
101_6.tif,106_8.tif,0,0.348624
101_6.tif,107_1.tif,0,0.353982
101_6.tif,107_2.tif,0,0.330827
101_6.tif,107_3.tif,0,0.348148
101_6.tif,107_4.tif,0,0.330935
101_6.tif,107_5.tif,0,0.408696
101_6.tif,107_6.tif,0,0.420690
101_6.tif,107_7.tif,0,0.257812
101_6.tif,107_8.tif,0,0.311828
101_6.tif,108_1.tif,0,0.365517
101_6.tif,108_2.tif,0,0.342657
101_6.tif,108_3.tif,0,0.337931
101_6.tif,108_4.tif,0,0.354610
101_6.tif,108_5.tif,0,0.338583
101_6.tif,108_6.tif,0,0.420690
101_6.tif,108_7.tif,0,0.347222
101_6.tif,108_8.tif,0,0.335938
101_6.tif,109_1.tif,0,0.337209
101_6.tif,109_2.tif,0,0.427083
101_6.tif,109_3.tif,0,0.309524
101_6.tif,109_4.tif,0,0.382716
101_6.tif,109_5.tif,0,0.333333
101_6.tif,109_6.tif,0,0.289855
101_6.tif,109_7.tif,0,0.379630
101_6.tif,109_8.tif,0,0.316327
101_6.tif,110_1.tif,0,0.324786
101_6.tif,110_2.tif,0,0.317073
101_6.tif,110_3.tif,0,0.284553
101_6.tif,110_4.tif,0,0.379310
101_6.tif,110_5.tif,0,0.285714
101_6.tif,110_6.tif,0,0.342593
101_6.tif,110_7.tif,0,0.351724
101_6.tif,110_8.tif,0,0.346154
101_7.tif,101_8.tif,1,0.434343
101_7.tif,102_1.tif,0,0.352518
101_7.tif,102_2.tif,0,0.350000
101_7.tif,102_3.tif,0,0.363636
101_7.tif,102_4.tif,0,0.333333
101_7.tif,102_5.tif,0,0.411765
101_7.tif,102_6.tif,0,0.348571
101_7.tif,102_7.tif,0,0.380000
101_7.tif,102_8.tif,0,0.361905
101_7.tif,103_1.tif,0,0.350575
101_7.tif,103_2.tif,0,0.387597
101_7.tif,103_3.tif,0,0.325758
101_7.tif,103_4.tif,0,0.411765
101_7.tif,103_5.tif,0,0.365385
101_7.tif,103_6.tif,0,0.356725
101_7.tif,103_7.tif,0,0.354610
101_7.tif,103_8.tif,0,0.414286
101_7.tif,104_1.tif,0,0.390728
101_7.tif,104_2.tif,0,0.380645
101_7.tif,104_3.tif,0,0.366071
101_7.tif,104_4.tif,0,0.357143
101_7.tif,104_5.tif,0,0.415842
101_7.tif,104_6.tif,0,0.377143
101_7.tif,104_7.tif,0,0.400000
101_7.tif,104_8.tif,0,0.344000
101_7.tif,105_1.tif,0,0.323353
101_7.tif,105_2.tif,0,0.309091
101_7.tif,105_3.tif,0,0.328467
101_7.tif,105_4.tif,0,0.372093
101_7.tif,105_5.tif,0,0.327381
101_7.tif,105_6.tif,0,0.370968
101_7.tif,105_7.tif,0,0.365714
101_7.tif,105_8.tif,0,0.336283
101_7.tif,106_1.tif,0,0.309942
101_7.tif,106_2.tif,0,0.339080
101_7.tif,106_3.tif,0,0.394286
101_7.tif,106_4.tif,0,0.416058
101_7.tif,106_5.tif,0,0.360000
101_7.tif,106_6.tif,0,0.340909
101_7.tif,106_7.tif,0,0.378378
101_7.tif,106_8.tif,0,0.376147
101_7.tif,107_1.tif,0,0.353982
101_7.tif,107_2.tif,0,0.323308
101_7.tif,107_3.tif,0,0.333333
101_7.tif,107_4.tif,0,0.338129
101_7.tif,107_5.tif,0,0.400000
101_7.tif,107_6.tif,0,0.422857
101_7.tif,107_7.tif,0,0.382812
101_7.tif,107_8.tif,0,0.268817
101_7.tif,108_1.tif,0,0.386076
101_7.tif,108_2.tif,0,0.370629
101_7.tif,108_3.tif,0,0.380952
101_7.tif,108_4.tif,0,0.397163
101_7.tif,108_5.tif,0,0.346457
101_7.tif,108_6.tif,0,0.371429
101_7.tif,108_7.tif,0,0.361111
101_7.tif,108_8.tif,0,0.359375
101_7.tif,109_1.tif,0,0.360465
101_7.tif,109_2.tif,0,0.437500
101_7.tif,109_3.tif,0,0.404762
101_7.tif,109_4.tif,0,0.345679
101_7.tif,109_5.tif,0,0.392157
101_7.tif,109_6.tif,0,0.333333
101_7.tif,109_7.tif,0,0.416667
101_7.tif,109_8.tif,0,0.357143
101_7.tif,110_1.tif,0,0.358974
101_7.tif,110_2.tif,0,0.357724
101_7.tif,110_3.tif,0,0.398374
101_7.tif,110_4.tif,0,0.362069
101_7.tif,110_5.tif,0,0.342857
101_7.tif,110_6.tif,0,0.342593
101_7.tif,110_7.tif,0,0.345679
101_7.tif,110_8.tif,0,0.376923
101_8.tif,102_1.tif,0,0.272727
101_8.tif,102_2.tif,0,0.323232
101_8.tif,102_3.tif,0,0.373737
101_8.tif,102_4.tif,0,0.333333
101_8.tif,102_5.tif,0,0.235294
101_8.tif,102_6.tif,0,0.373737
101_8.tif,102_7.tif,0,0.252525
101_8.tif,102_8.tif,0,0.232323
101_8.tif,103_1.tif,0,0.434343
101_8.tif,103_2.tif,0,0.383838
101_8.tif,103_3.tif,0,0.292929
101_8.tif,103_4.tif,0,0.308824
101_8.tif,103_5.tif,0,0.333333
101_8.tif,103_6.tif,0,0.353535
101_8.tif,103_7.tif,0,0.323232
101_8.tif,103_8.tif,0,0.342857
101_8.tif,104_1.tif,0,0.333333
101_8.tif,104_2.tif,0,0.333333
101_8.tif,104_3.tif,0,0.262626
101_8.tif,104_4.tif,0,0.383838
101_8.tif,104_5.tif,0,0.313131
101_8.tif,104_6.tif,0,0.424242
101_8.tif,104_7.tif,0,0.494949
101_8.tif,104_8.tif,0,0.313131
101_8.tif,105_1.tif,0,0.323232
101_8.tif,105_2.tif,0,0.343434
101_8.tif,105_3.tif,0,0.303030
101_8.tif,105_4.tif,0,0.353535
101_8.tif,105_5.tif,0,0.474747
101_8.tif,105_6.tif,0,0.313131
101_8.tif,105_7.tif,0,0.414141
101_8.tif,105_8.tif,0,0.262626
101_8.tif,106_1.tif,0,0.393939
101_8.tif,106_2.tif,0,0.393939
101_8.tif,106_3.tif,0,0.424242
101_8.tif,106_4.tif,0,0.373737
101_8.tif,106_5.tif,0,0.404040
101_8.tif,106_6.tif,0,0.323232
101_8.tif,106_7.tif,0,0.414141
101_8.tif,106_8.tif,0,0.323232
101_8.tif,107_1.tif,0,0.323232
101_8.tif,107_2.tif,0,0.353535
101_8.tif,107_3.tif,0,0.373737
101_8.tif,107_4.tif,0,0.353535
101_8.tif,107_5.tif,0,0.383838
101_8.tif,107_6.tif,0,0.434343
101_8.tif,107_7.tif,0,0.242424
101_8.tif,107_8.tif,0,0.215054
101_8.tif,108_1.tif,0,0.383838
101_8.tif,108_2.tif,0,0.404040
101_8.tif,108_3.tif,0,0.323232
101_8.tif,108_4.tif,0,0.373737
101_8.tif,108_5.tif,0,0.282828
101_8.tif,108_6.tif,0,0.404040
101_8.tif,108_7.tif,0,0.343434
101_8.tif,108_8.tif,0,0.333333
101_8.tif,109_1.tif,0,0.325581
101_8.tif,109_2.tif,0,0.291667
101_8.tif,109_3.tif,0,0.202381
101_8.tif,109_4.tif,0,0.283951
101_8.tif,109_5.tif,0,0.282828
101_8.tif,109_6.tif,0,0.275362
101_8.tif,109_7.tif,0,0.282828
101_8.tif,109_8.tif,0,0.234694
101_8.tif,110_1.tif,0,0.313131
101_8.tif,110_2.tif,0,0.272727
101_8.tif,110_3.tif,0,0.242424
101_8.tif,110_4.tif,0,0.272727
101_8.tif,110_5.tif,0,0.222222
101_8.tif,110_6.tif,0,0.262626
101_8.tif,110_7.tif,0,0.313131
101_8.tif,110_8.tif,0,0.303030
102_1.tif,102_2.tif,1,0.294964
102_1.tif,102_3.tif,1,0.333333
102_1.tif,102_4.tif,1,0.294964
102_1.tif,102_5.tif,1,0.341176
102_1.tif,102_6.tif,1,0.345324
102_1.tif,102_7.tif,1,0.320000
102_1.tif,102_8.tif,1,0.276190
102_1.tif,103_1.tif,0,0.374101
102_1.tif,103_2.tif,0,0.379845
102_1.tif,103_3.tif,0,0.333333
102_1.tif,103_4.tif,0,0.367647
102_1.tif,103_5.tif,0,0.338129
102_1.tif,103_6.tif,0,0.323741
102_1.tif,103_7.tif,0,0.316547
102_1.tif,103_8.tif,0,0.385714
102_1.tif,104_1.tif,0,0.345324
102_1.tif,104_2.tif,0,0.316547
102_1.tif,104_3.tif,0,0.348214
102_1.tif,104_4.tif,0,0.294964
102_1.tif,104_5.tif,0,0.326733
102_1.tif,104_6.tif,0,0.438849
102_1.tif,104_7.tif,0,0.453237
102_1.tif,104_8.tif,0,0.336000
102_1.tif,105_1.tif,0,0.330935
102_1.tif,105_2.tif,0,0.410072
102_1.tif,105_3.tif,0,0.379562
102_1.tif,105_4.tif,0,0.341085
102_1.tif,105_5.tif,0,0.338129
102_1.tif,105_6.tif,0,0.330645
102_1.tif,105_7.tif,0,0.374101
102_1.tif,105_8.tif,0,0.362832
102_1.tif,106_1.tif,0,0.345324
102_1.tif,106_2.tif,0,0.302158
102_1.tif,106_3.tif,0,0.388489
102_1.tif,106_4.tif,0,0.277372
102_1.tif,106_5.tif,0,0.366906
102_1.tif,106_6.tif,0,0.348485
102_1.tif,106_7.tif,0,0.323741
102_1.tif,106_8.tif,0,0.293578
102_1.tif,107_1.tif,0,0.309735
102_1.tif,107_2.tif,0,0.285714
102_1.tif,107_3.tif,0,0.288889
102_1.tif,107_4.tif,0,0.294964
102_1.tif,107_5.tif,0,0.356522
102_1.tif,107_6.tif,0,0.395683
102_1.tif,107_7.tif,0,0.289062
102_1.tif,107_8.tif,0,0.279570
102_1.tif,108_1.tif,0,0.280576
102_1.tif,108_2.tif,0,0.294964
102_1.tif,108_3.tif,0,0.359712
102_1.tif,108_4.tif,0,0.302158
102_1.tif,108_5.tif,0,0.259843
102_1.tif,108_6.tif,0,0.374101
102_1.tif,108_7.tif,0,0.302158
102_1.tif,108_8.tif,0,0.312500
102_1.tif,109_1.tif,0,0.325581
102_1.tif,109_2.tif,0,0.312500
102_1.tif,109_3.tif,0,0.392857
102_1.tif,109_4.tif,0,0.358025
102_1.tif,109_5.tif,0,0.333333
102_1.tif,109_6.tif,0,0.289855
102_1.tif,109_7.tif,0,0.351852
102_1.tif,109_8.tif,0,0.295918
102_1.tif,110_1.tif,0,0.273504
102_1.tif,110_2.tif,0,0.219512
102_1.tif,110_3.tif,0,0.268293
102_1.tif,110_4.tif,0,0.275862
102_1.tif,110_5.tif,0,0.285714
102_1.tif,110_6.tif,0,0.259259
102_1.tif,110_7.tif,0,0.316547
102_1.tif,110_8.tif,0,0.307692
102_2.tif,102_3.tif,1,0.401515
102_2.tif,102_4.tif,1,0.340426
102_2.tif,102_5.tif,1,0.352941
102_2.tif,102_6.tif,1,0.375000
102_2.tif,102_7.tif,1,0.400000
102_2.tif,102_8.tif,1,0.380952
102_2.tif,103_1.tif,0,0.387500
102_2.tif,103_2.tif,0,0.372093
102_2.tif,103_3.tif,0,0.333333
102_2.tif,103_4.tif,0,0.397059
102_2.tif,103_5.tif,0,0.384615
102_2.tif,103_6.tif,0,0.362500
102_2.tif,103_7.tif,0,0.333333
102_2.tif,103_8.tif,0,0.442857
102_2.tif,104_1.tif,0,0.423841
102_2.tif,104_2.tif,0,0.361290
102_2.tif,104_3.tif,0,0.357143
102_2.tif,104_4.tif,0,0.337662
102_2.tif,104_5.tif,0,0.376238
102_2.tif,104_6.tif,0,0.456250
102_2.tif,104_7.tif,0,0.493750
102_2.tif,104_8.tif,0,0.352000
102_2.tif,105_1.tif,0,0.318750
102_2.tif,105_2.tif,0,0.343750
102_2.tif,105_3.tif,0,0.328467
102_2.tif,105_4.tif,0,0.364341
102_2.tif,105_5.tif,0,0.337500
102_2.tif,105_6.tif,0,0.411290
102_2.tif,105_7.tif,0,0.425000
102_2.tif,105_8.tif,0,0.345133
102_2.tif,106_1.tif,0,0.312500
102_2.tif,106_2.tif,0,0.343750
102_2.tif,106_3.tif,0,0.393750
102_2.tif,106_4.tif,0,0.379562
102_2.tif,106_5.tif,0,0.362500
102_2.tif,106_6.tif,0,0.363636
102_2.tif,106_7.tif,0,0.331081
102_2.tif,106_8.tif,0,0.321101
102_2.tif,107_1.tif,0,0.327434
102_2.tif,107_2.tif,0,0.300752
102_2.tif,107_3.tif,0,0.325926
102_2.tif,107_4.tif,0,0.316547
102_2.tif,107_5.tif,0,0.400000
102_2.tif,107_6.tif,0,0.412500
102_2.tif,107_7.tif,0,0.390625
102_2.tif,107_8.tif,0,0.236559
102_2.tif,108_1.tif,0,0.354430
102_2.tif,108_2.tif,0,0.412587
102_2.tif,108_3.tif,0,0.374150
102_2.tif,108_4.tif,0,0.453901
102_2.tif,108_5.tif,0,0.377953
102_2.tif,108_6.tif,0,0.387500
102_2.tif,108_7.tif,0,0.388889
102_2.tif,108_8.tif,0,0.398438
102_2.tif,109_1.tif,0,0.313953
102_2.tif,109_2.tif,0,0.385417
102_2.tif,109_3.tif,0,0.309524
102_2.tif,109_4.tif,0,0.382716
102_2.tif,109_5.tif,0,0.392157
102_2.tif,109_6.tif,0,0.289855
102_2.tif,109_7.tif,0,0.370370
102_2.tif,109_8.tif,0,0.295918
102_2.tif,110_1.tif,0,0.256410
102_2.tif,110_2.tif,0,0.276423
102_2.tif,110_3.tif,0,0.292683
102_2.tif,110_4.tif,0,0.310345
102_2.tif,110_5.tif,0,0.295238
102_2.tif,110_6.tif,0,0.305556
102_2.tif,110_7.tif,0,0.318750
102_2.tif,110_8.tif,0,0.300000
102_3.tif,102_4.tif,1,0.340909
102_3.tif,102_5.tif,1,0.376471
102_3.tif,102_6.tif,1,0.439394
102_3.tif,102_7.tif,1,0.380000
102_3.tif,102_8.tif,1,0.314286
102_3.tif,103_1.tif,0,0.393939
102_3.tif,103_2.tif,0,0.395349
102_3.tif,103_3.tif,0,0.303030
102_3.tif,103_4.tif,0,0.426471
102_3.tif,103_5.tif,0,0.363636
102_3.tif,103_6.tif,0,0.378788
102_3.tif,103_7.tif,0,0.340909
102_3.tif,103_8.tif,0,0.400000
102_3.tif,104_1.tif,0,0.356061
102_3.tif,104_2.tif,0,0.401515
102_3.tif,104_3.tif,0,0.348214
102_3.tif,104_4.tif,0,0.424242
102_3.tif,104_5.tif,0,0.376238
102_3.tif,104_6.tif,0,0.500000
102_3.tif,104_7.tif,0,0.469697
102_3.tif,104_8.tif,0,0.304000
102_3.tif,105_1.tif,0,0.348485
102_3.tif,105_2.tif,0,0.363636
102_3.tif,105_3.tif,0,0.272727
102_3.tif,105_4.tif,0,0.348837
102_3.tif,105_5.tif,0,0.340909
102_3.tif,105_6.tif,0,0.346774
102_3.tif,105_7.tif,0,0.462121
102_3.tif,105_8.tif,0,0.327434
102_3.tif,106_1.tif,0,0.348485
102_3.tif,106_2.tif,0,0.378788
102_3.tif,106_3.tif,0,0.446970
102_3.tif,106_4.tif,0,0.340909
102_3.tif,106_5.tif,0,0.386364
102_3.tif,106_6.tif,0,0.348485
102_3.tif,106_7.tif,0,0.393939
102_3.tif,106_8.tif,0,0.348624
102_3.tif,107_1.tif,0,0.309735
102_3.tif,107_2.tif,0,0.295455
102_3.tif,107_3.tif,0,0.363636
102_3.tif,107_4.tif,0,0.310606
102_3.tif,107_5.tif,0,0.408696
102_3.tif,107_6.tif,0,0.393939
102_3.tif,107_7.tif,0,0.296875
102_3.tif,107_8.tif,0,0.236559
102_3.tif,108_1.tif,0,0.378788
102_3.tif,108_2.tif,0,0.393939
102_3.tif,108_3.tif,0,0.348485
102_3.tif,108_4.tif,0,0.386364
102_3.tif,108_5.tif,0,0.283465
102_3.tif,108_6.tif,0,0.393939
102_3.tif,108_7.tif,0,0.310606
102_3.tif,108_8.tif,0,0.343750
102_3.tif,109_1.tif,0,0.372093
102_3.tif,109_2.tif,0,0.406250
102_3.tif,109_3.tif,0,0.333333
102_3.tif,109_4.tif,0,0.407407
102_3.tif,109_5.tif,0,0.392157
102_3.tif,109_6.tif,0,0.275362
102_3.tif,109_7.tif,0,0.379630
102_3.tif,109_8.tif,0,0.285714
102_3.tif,110_1.tif,0,0.264957
102_3.tif,110_2.tif,0,0.300813
102_3.tif,110_3.tif,0,0.252033
102_3.tif,110_4.tif,0,0.310345
102_3.tif,110_5.tif,0,0.333333
102_3.tif,110_6.tif,0,0.361111
102_3.tif,110_7.tif,0,0.340909
102_3.tif,110_8.tif,0,0.307692
102_4.tif,102_5.tif,1,0.376471
102_4.tif,102_6.tif,1,0.340426
102_4.tif,102_7.tif,1,0.360000
102_4.tif,102_8.tif,1,0.333333
102_4.tif,103_1.tif,0,0.397163
102_4.tif,103_2.tif,0,0.341085
102_4.tif,103_3.tif,0,0.333333
102_4.tif,103_4.tif,0,0.397059
102_4.tif,103_5.tif,0,0.368794
102_4.tif,103_6.tif,0,0.354610
102_4.tif,103_7.tif,0,0.368794
102_4.tif,103_8.tif,0,0.485714
102_4.tif,104_1.tif,0,0.390071
102_4.tif,104_2.tif,0,0.340426
102_4.tif,104_3.tif,0,0.410714
102_4.tif,104_4.tif,0,0.326241
102_4.tif,104_5.tif,0,0.435644
102_4.tif,104_6.tif,0,0.432624
102_4.tif,104_7.tif,0,0.482270
102_4.tif,104_8.tif,0,0.360000
102_4.tif,105_1.tif,0,0.368794
102_4.tif,105_2.tif,0,0.326241
102_4.tif,105_3.tif,0,0.284672
102_4.tif,105_4.tif,0,0.325581
102_4.tif,105_5.tif,0,0.404255
102_4.tif,105_6.tif,0,0.362903
102_4.tif,105_7.tif,0,0.432624
102_4.tif,105_8.tif,0,0.345133
102_4.tif,106_1.tif,0,0.326241
102_4.tif,106_2.tif,0,0.297872
102_4.tif,106_3.tif,0,0.404255
102_4.tif,106_4.tif,0,0.357664
102_4.tif,106_5.tif,0,0.375887
102_4.tif,106_6.tif,0,0.333333
102_4.tif,106_7.tif,0,0.361702
102_4.tif,106_8.tif,0,0.302752
102_4.tif,107_1.tif,0,0.336283
102_4.tif,107_2.tif,0,0.323308
102_4.tif,107_3.tif,0,0.333333
102_4.tif,107_4.tif,0,0.330935
102_4.tif,107_5.tif,0,0.408696
102_4.tif,107_6.tif,0,0.404255
102_4.tif,107_7.tif,0,0.289062
102_4.tif,107_8.tif,0,0.258065
102_4.tif,108_1.tif,0,0.368794
102_4.tif,108_2.tif,0,0.361702
102_4.tif,108_3.tif,0,0.347518
102_4.tif,108_4.tif,0,0.361702
102_4.tif,108_5.tif,0,0.362205
102_4.tif,108_6.tif,0,0.361702
102_4.tif,108_7.tif,0,0.368794
102_4.tif,108_8.tif,0,0.328125
102_4.tif,109_1.tif,0,0.325581
102_4.tif,109_2.tif,0,0.302083
102_4.tif,109_3.tif,0,0.345238
102_4.tif,109_4.tif,0,0.382716
102_4.tif,109_5.tif,0,0.460784
102_4.tif,109_6.tif,0,0.260870
102_4.tif,109_7.tif,0,0.388889
102_4.tif,109_8.tif,0,0.275510
102_4.tif,110_1.tif,0,0.316239
102_4.tif,110_2.tif,0,0.284553
102_4.tif,110_3.tif,0,0.243902
102_4.tif,110_4.tif,0,0.258621
102_4.tif,110_5.tif,0,0.323810
102_4.tif,110_6.tif,0,0.342593
102_4.tif,110_7.tif,0,0.333333
102_4.tif,110_8.tif,0,0.284615
102_5.tif,102_6.tif,1,0.435294
102_5.tif,102_7.tif,1,0.364706
102_5.tif,102_8.tif,1,0.305882
102_5.tif,103_1.tif,0,0.458824
102_5.tif,103_2.tif,0,0.388235
102_5.tif,103_3.tif,0,0.329412
102_5.tif,103_4.tif,0,0.264706
102_5.tif,103_5.tif,0,0.364706
102_5.tif,103_6.tif,0,0.352941
102_5.tif,103_7.tif,0,0.352941
102_5.tif,103_8.tif,0,0.314286
102_5.tif,104_1.tif,0,0.411765
102_5.tif,104_2.tif,0,0.376471
102_5.tif,104_3.tif,0,0.294118
102_5.tif,104_4.tif,0,0.411765
102_5.tif,104_5.tif,0,0.364706
102_5.tif,104_6.tif,0,0.423529
102_5.tif,104_7.tif,0,0.470588
102_5.tif,104_8.tif,0,0.341176
102_5.tif,105_1.tif,0,0.364706
102_5.tif,105_2.tif,0,0.400000
102_5.tif,105_3.tif,0,0.305882
102_5.tif,105_4.tif,0,0.341176
102_5.tif,105_5.tif,0,0.447059
102_5.tif,105_6.tif,0,0.376471
102_5.tif,105_7.tif,0,0.447059
102_5.tif,105_8.tif,0,0.270588
102_5.tif,106_1.tif,0,0.282353
102_5.tif,106_2.tif,0,0.329412
102_5.tif,106_3.tif,0,0.458824
102_5.tif,106_4.tif,0,0.400000
102_5.tif,106_5.tif,0,0.376471
102_5.tif,106_6.tif,0,0.317647
102_5.tif,106_7.tif,0,0.364706
102_5.tif,106_8.tif,0,0.211765
102_5.tif,107_1.tif,0,0.329412
102_5.tif,107_2.tif,0,0.317647
102_5.tif,107_3.tif,0,0.376471
102_5.tif,107_4.tif,0,0.376471
102_5.tif,107_5.tif,0,0.470588
102_5.tif,107_6.tif,0,0.447059
102_5.tif,107_7.tif,0,0.282353
102_5.tif,107_8.tif,0,0.211765
102_5.tif,108_1.tif,0,0.423529
102_5.tif,108_2.tif,0,0.470588
102_5.tif,108_3.tif,0,0.400000
102_5.tif,108_4.tif,0,0.435294
102_5.tif,108_5.tif,0,0.400000
102_5.tif,108_6.tif,0,0.435294
102_5.tif,108_7.tif,0,0.305882
102_5.tif,108_8.tif,0,0.317647
102_5.tif,109_1.tif,0,0.247059
102_5.tif,109_2.tif,0,0.317647
102_5.tif,109_3.tif,0,0.261905
102_5.tif,109_4.tif,0,0.296296
102_5.tif,109_5.tif,0,0.341176
102_5.tif,109_6.tif,0,0.246377
102_5.tif,109_7.tif,0,0.364706
102_5.tif,109_8.tif,0,0.235294
102_5.tif,110_1.tif,0,0.235294
102_5.tif,110_2.tif,0,0.247059
102_5.tif,110_3.tif,0,0.235294
102_5.tif,110_4.tif,0,0.270588
102_5.tif,110_5.tif,0,0.258824
102_5.tif,110_6.tif,0,0.247059
102_5.tif,110_7.tif,0,0.364706
102_5.tif,110_8.tif,0,0.329412
102_6.tif,102_7.tif,1,0.420000
102_6.tif,102_8.tif,1,0.390476
102_6.tif,103_1.tif,0,0.402299
102_6.tif,103_2.tif,0,0.441860
102_6.tif,103_3.tif,0,0.378788
102_6.tif,103_4.tif,0,0.485294
102_6.tif,103_5.tif,0,0.391026
102_6.tif,103_6.tif,0,0.350877
102_6.tif,103_7.tif,0,0.425532
102_6.tif,103_8.tif,0,0.457143
102_6.tif,104_1.tif,0,0.423841
102_6.tif,104_2.tif,0,0.425806
102_6.tif,104_3.tif,0,0.419643
102_6.tif,104_4.tif,0,0.415584
102_6.tif,104_5.tif,0,0.485149
102_6.tif,104_6.tif,0,0.440678
102_6.tif,104_7.tif,0,0.502825
102_6.tif,104_8.tif,0,0.408000
102_6.tif,105_1.tif,0,0.341317
102_6.tif,105_2.tif,0,0.369697
102_6.tif,105_3.tif,0,0.343066
102_6.tif,105_4.tif,0,0.418605
102_6.tif,105_5.tif,0,0.369048
102_6.tif,105_6.tif,0,0.435484
102_6.tif,105_7.tif,0,0.406780
102_6.tif,105_8.tif,0,0.398230
102_6.tif,106_1.tif,0,0.345029
102_6.tif,106_2.tif,0,0.402299
102_6.tif,106_3.tif,0,0.429379
102_6.tif,106_4.tif,0,0.423358
102_6.tif,106_5.tif,0,0.395480
102_6.tif,106_6.tif,0,0.409091
102_6.tif,106_7.tif,0,0.358108
102_6.tif,106_8.tif,0,0.376147
102_6.tif,107_1.tif,0,0.389381
102_6.tif,107_2.tif,0,0.421053
102_6.tif,107_3.tif,0,0.414815
102_6.tif,107_4.tif,0,0.402878
102_6.tif,107_5.tif,0,0.469565
102_6.tif,107_6.tif,0,0.389831
102_6.tif,107_7.tif,0,0.367188
102_6.tif,107_8.tif,0,0.322581
102_6.tif,108_1.tif,0,0.379747
102_6.tif,108_2.tif,0,0.447552
102_6.tif,108_3.tif,0,0.408163
102_6.tif,108_4.tif,0,0.418440
102_6.tif,108_5.tif,0,0.385827
102_6.tif,108_6.tif,0,0.401130
102_6.tif,108_7.tif,0,0.402778
102_6.tif,108_8.tif,0,0.421875
102_6.tif,109_1.tif,0,0.372093
102_6.tif,109_2.tif,0,0.468750
102_6.tif,109_3.tif,0,0.380952
102_6.tif,109_4.tif,0,0.419753
102_6.tif,109_5.tif,0,0.460784
102_6.tif,109_6.tif,0,0.275362
102_6.tif,109_7.tif,0,0.444444
102_6.tif,109_8.tif,0,0.367347
102_6.tif,110_1.tif,0,0.324786
102_6.tif,110_2.tif,0,0.341463
102_6.tif,110_3.tif,0,0.284553
102_6.tif,110_4.tif,0,0.370690
102_6.tif,110_5.tif,0,0.333333
102_6.tif,110_6.tif,0,0.342593
102_6.tif,110_7.tif,0,0.333333
102_6.tif,110_8.tif,0,0.323077
102_7.tif,102_8.tif,1,0.320000
102_7.tif,103_1.tif,0,0.450000
102_7.tif,103_2.tif,0,0.390000
102_7.tif,103_3.tif,0,0.400000
102_7.tif,103_4.tif,0,0.294118
102_7.tif,103_5.tif,0,0.400000
102_7.tif,103_6.tif,0,0.410000
102_7.tif,103_7.tif,0,0.340000
102_7.tif,103_8.tif,0,0.428571
102_7.tif,104_1.tif,0,0.390000
102_7.tif,104_2.tif,0,0.370000
102_7.tif,104_3.tif,0,0.340000
102_7.tif,104_4.tif,0,0.420000
102_7.tif,104_5.tif,0,0.330000
102_7.tif,104_6.tif,0,0.470000
102_7.tif,104_7.tif,0,0.450000
102_7.tif,104_8.tif,0,0.330000
102_7.tif,105_1.tif,0,0.400000
102_7.tif,105_2.tif,0,0.390000
102_7.tif,105_3.tif,0,0.310000
102_7.tif,105_4.tif,0,0.320000
102_7.tif,105_5.tif,0,0.390000
102_7.tif,105_6.tif,0,0.350000
102_7.tif,105_7.tif,0,0.440000
102_7.tif,105_8.tif,0,0.310000
102_7.tif,106_1.tif,0,0.360000
102_7.tif,106_2.tif,0,0.350000
102_7.tif,106_3.tif,0,0.390000
102_7.tif,106_4.tif,0,0.380000
102_7.tif,106_5.tif,0,0.410000
102_7.tif,106_6.tif,0,0.360000
102_7.tif,106_7.tif,0,0.390000
102_7.tif,106_8.tif,0,0.290000
102_7.tif,107_1.tif,0,0.310000
102_7.tif,107_2.tif,0,0.420000
102_7.tif,107_3.tif,0,0.400000
102_7.tif,107_4.tif,0,0.360000
102_7.tif,107_5.tif,0,0.390000
102_7.tif,107_6.tif,0,0.430000
102_7.tif,107_7.tif,0,0.370000
102_7.tif,107_8.tif,0,0.215054
102_7.tif,108_1.tif,0,0.390000
102_7.tif,108_2.tif,0,0.460000
102_7.tif,108_3.tif,0,0.420000
102_7.tif,108_4.tif,0,0.350000
102_7.tif,108_5.tif,0,0.360000
102_7.tif,108_6.tif,0,0.400000
102_7.tif,108_7.tif,0,0.340000
102_7.tif,108_8.tif,0,0.320000
102_7.tif,109_1.tif,0,0.279070
102_7.tif,109_2.tif,0,0.291667
102_7.tif,109_3.tif,0,0.238095
102_7.tif,109_4.tif,0,0.308642
102_7.tif,109_5.tif,0,0.340000
102_7.tif,109_6.tif,0,0.289855
102_7.tif,109_7.tif,0,0.320000
102_7.tif,109_8.tif,0,0.316327
102_7.tif,110_1.tif,0,0.180000
102_7.tif,110_2.tif,0,0.240000
102_7.tif,110_3.tif,0,0.210000
102_7.tif,110_4.tif,0,0.250000
102_7.tif,110_5.tif,0,0.220000
102_7.tif,110_6.tif,0,0.240000
102_7.tif,110_7.tif,0,0.390000
102_7.tif,110_8.tif,0,0.340000
102_8.tif,103_1.tif,0,0.447619
102_8.tif,103_2.tif,0,0.295238
102_8.tif,103_3.tif,0,0.352381
102_8.tif,103_4.tif,0,0.264706
102_8.tif,103_5.tif,0,0.342857
102_8.tif,103_6.tif,0,0.352381
102_8.tif,103_7.tif,0,0.342857
102_8.tif,103_8.tif,0,0.342857
102_8.tif,104_1.tif,0,0.409524
102_8.tif,104_2.tif,0,0.390476
102_8.tif,104_3.tif,0,0.247619
102_8.tif,104_4.tif,0,0.323810
102_8.tif,104_5.tif,0,0.277228
102_8.tif,104_6.tif,0,0.380952
102_8.tif,104_7.tif,0,0.419048
102_8.tif,104_8.tif,0,0.323810
102_8.tif,105_1.tif,0,0.323810
102_8.tif,105_2.tif,0,0.390476
102_8.tif,105_3.tif,0,0.295238
102_8.tif,105_4.tif,0,0.304762
102_8.tif,105_5.tif,0,0.380952
102_8.tif,105_6.tif,0,0.342857
102_8.tif,105_7.tif,0,0.409524
102_8.tif,105_8.tif,0,0.304762
102_8.tif,106_1.tif,0,0.276190
102_8.tif,106_2.tif,0,0.304762
102_8.tif,106_3.tif,0,0.390476
102_8.tif,106_4.tif,0,0.295238
102_8.tif,106_5.tif,0,0.400000
102_8.tif,106_6.tif,0,0.276190
102_8.tif,106_7.tif,0,0.295238
102_8.tif,106_8.tif,0,0.219048
102_8.tif,107_1.tif,0,0.257143
102_8.tif,107_2.tif,0,0.304762
102_8.tif,107_3.tif,0,0.285714
102_8.tif,107_4.tif,0,0.342857
102_8.tif,107_5.tif,0,0.361905
102_8.tif,107_6.tif,0,0.409524
102_8.tif,107_7.tif,0,0.333333
102_8.tif,107_8.tif,0,0.225806
102_8.tif,108_1.tif,0,0.390476
102_8.tif,108_2.tif,0,0.361905
102_8.tif,108_3.tif,0,0.390476
102_8.tif,108_4.tif,0,0.352381
102_8.tif,108_5.tif,0,0.314286
102_8.tif,108_6.tif,0,0.380952
102_8.tif,108_7.tif,0,0.333333
102_8.tif,108_8.tif,0,0.314286
102_8.tif,109_1.tif,0,0.255814
102_8.tif,109_2.tif,0,0.270833
102_8.tif,109_3.tif,0,0.226190
102_8.tif,109_4.tif,0,0.234568
102_8.tif,109_5.tif,0,0.284314
102_8.tif,109_6.tif,0,0.231884
102_8.tif,109_7.tif,0,0.266667
102_8.tif,109_8.tif,0,0.255102
102_8.tif,110_1.tif,0,0.190476
102_8.tif,110_2.tif,0,0.190476
102_8.tif,110_3.tif,0,0.190476
102_8.tif,110_4.tif,0,0.266667
102_8.tif,110_5.tif,0,0.200000
102_8.tif,110_6.tif,0,0.228571
102_8.tif,110_7.tif,0,0.342857
102_8.tif,110_8.tif,0,0.304762
103_1.tif,103_2.tif,1,0.480620
103_1.tif,103_3.tif,1,0.424242
103_1.tif,103_4.tif,1,0.441176
103_1.tif,103_5.tif,1,0.410256
103_1.tif,103_6.tif,1,0.397661
103_1.tif,103_7.tif,1,0.468085
103_1.tif,103_8.tif,1,0.557143
103_1.tif,104_1.tif,0,0.403974
103_1.tif,104_2.tif,0,0.451613
103_1.tif,104_3.tif,0,0.455357
103_1.tif,104_4.tif,0,0.383117
103_1.tif,104_5.tif,0,0.485149
103_1.tif,104_6.tif,0,0.471264
103_1.tif,104_7.tif,0,0.511494
103_1.tif,104_8.tif,0,0.432000
103_1.tif,105_1.tif,0,0.383234
103_1.tif,105_2.tif,0,0.363636
103_1.tif,105_3.tif,0,0.386861
103_1.tif,105_4.tif,0,0.434109
103_1.tif,105_5.tif,0,0.386905
103_1.tif,105_6.tif,0,0.451613
103_1.tif,105_7.tif,0,0.413793
103_1.tif,105_8.tif,0,0.424779
103_1.tif,106_1.tif,0,0.350877
103_1.tif,106_2.tif,0,0.356322
103_1.tif,106_3.tif,0,0.431034
103_1.tif,106_4.tif,0,0.437956
103_1.tif,106_5.tif,0,0.402299
103_1.tif,106_6.tif,0,0.378788
103_1.tif,106_7.tif,0,0.405405
103_1.tif,106_8.tif,0,0.422018
103_1.tif,107_1.tif,0,0.407080
103_1.tif,107_2.tif,0,0.413534
103_1.tif,107_3.tif,0,0.400000
103_1.tif,107_4.tif,0,0.446043
103_1.tif,107_5.tif,0,0.530435
103_1.tif,107_6.tif,0,0.465517
103_1.tif,107_7.tif,0,0.343750
103_1.tif,107_8.tif,0,0.322581
103_1.tif,108_1.tif,0,0.411392
103_1.tif,108_2.tif,0,0.447552
103_1.tif,108_3.tif,0,0.428571
103_1.tif,108_4.tif,0,0.432624
103_1.tif,108_5.tif,0,0.417323
103_1.tif,108_6.tif,0,0.408046
103_1.tif,108_7.tif,0,0.333333
103_1.tif,108_8.tif,0,0.429688
103_1.tif,109_1.tif,0,0.395349
103_1.tif,109_2.tif,0,0.447917
103_1.tif,109_3.tif,0,0.476190
103_1.tif,109_4.tif,0,0.481481
103_1.tif,109_5.tif,0,0.549020
103_1.tif,109_6.tif,0,0.391304
103_1.tif,109_7.tif,0,0.425926
103_1.tif,109_8.tif,0,0.377551
103_1.tif,110_1.tif,0,0.350427
103_1.tif,110_2.tif,0,0.357724
103_1.tif,110_3.tif,0,0.333333
103_1.tif,110_4.tif,0,0.362069
103_1.tif,110_5.tif,0,0.380952
103_1.tif,110_6.tif,0,0.379630
103_1.tif,110_7.tif,0,0.339506
103_1.tif,110_8.tif,0,0.369231
103_2.tif,103_3.tif,1,0.379845
103_2.tif,103_4.tif,1,0.470588
103_2.tif,103_5.tif,1,0.418605
103_2.tif,103_6.tif,1,0.457364
103_2.tif,103_7.tif,1,0.379845
103_2.tif,103_8.tif,1,0.471429
103_2.tif,104_1.tif,0,0.410853
103_2.tif,104_2.tif,0,0.387597
103_2.tif,104_3.tif,0,0.375000
103_2.tif,104_4.tif,0,0.387597
103_2.tif,104_5.tif,0,0.415842
103_2.tif,104_6.tif,0,0.519380
103_2.tif,104_7.tif,0,0.550388
103_2.tif,104_8.tif,0,0.360000
103_2.tif,105_1.tif,0,0.372093
103_2.tif,105_2.tif,0,0.410853
103_2.tif,105_3.tif,0,0.317829
103_2.tif,105_4.tif,0,0.364341
103_2.tif,105_5.tif,0,0.403101
103_2.tif,105_6.tif,0,0.403226
103_2.tif,105_7.tif,0,0.480620
103_2.tif,105_8.tif,0,0.407080
103_2.tif,106_1.tif,0,0.410853
103_2.tif,106_2.tif,0,0.449612
103_2.tif,106_3.tif,0,0.465116
103_2.tif,106_4.tif,0,0.395349
103_2.tif,106_5.tif,0,0.418605
103_2.tif,106_6.tif,0,0.387597
103_2.tif,106_7.tif,0,0.403101
103_2.tif,106_8.tif,0,0.403670
103_2.tif,107_1.tif,0,0.407080
103_2.tif,107_2.tif,0,0.348837
103_2.tif,107_3.tif,0,0.403101
103_2.tif,107_4.tif,0,0.395349
103_2.tif,107_5.tif,0,0.460870
103_2.tif,107_6.tif,0,0.449612
103_2.tif,107_7.tif,0,0.335938
103_2.tif,107_8.tif,0,0.311828
103_2.tif,108_1.tif,0,0.403101
103_2.tif,108_2.tif,0,0.395349
103_2.tif,108_3.tif,0,0.364341
103_2.tif,108_4.tif,0,0.418605
103_2.tif,108_5.tif,0,0.330709
103_2.tif,108_6.tif,0,0.418605
103_2.tif,108_7.tif,0,0.395349
103_2.tif,108_8.tif,0,0.343750
103_2.tif,109_1.tif,0,0.372093
103_2.tif,109_2.tif,0,0.385417
103_2.tif,109_3.tif,0,0.404762
103_2.tif,109_4.tif,0,0.395062
103_2.tif,109_5.tif,0,0.441176
103_2.tif,109_6.tif,0,0.318841
103_2.tif,109_7.tif,0,0.398148
103_2.tif,109_8.tif,0,0.336735
103_2.tif,110_1.tif,0,0.282051
103_2.tif,110_2.tif,0,0.365854
103_2.tif,110_3.tif,0,0.276423
103_2.tif,110_4.tif,0,0.284483
103_2.tif,110_5.tif,0,0.304762
103_2.tif,110_6.tif,0,0.342593
103_2.tif,110_7.tif,0,0.372093
103_2.tif,110_8.tif,0,0.286822
103_3.tif,103_4.tif,1,0.367647
103_3.tif,103_5.tif,1,0.424242
103_3.tif,103_6.tif,1,0.371212
103_3.tif,103_7.tif,1,0.325758
103_3.tif,103_8.tif,1,0.442857
103_3.tif,104_1.tif,0,0.340909
103_3.tif,104_2.tif,0,0.356061
103_3.tif,104_3.tif,0,0.339286
103_3.tif,104_4.tif,0,0.409091
103_3.tif,104_5.tif,0,0.396040
103_3.tif,104_6.tif,0,0.469697
103_3.tif,104_7.tif,0,0.492424
103_3.tif,104_8.tif,0,0.360000
103_3.tif,105_1.tif,0,0.356061
103_3.tif,105_2.tif,0,0.386364
103_3.tif,105_3.tif,0,0.310606
103_3.tif,105_4.tif,0,0.310078
103_3.tif,105_5.tif,0,0.356061
103_3.tif,105_6.tif,0,0.395161
103_3.tif,105_7.tif,0,0.401515
103_3.tif,105_8.tif,0,0.318584
103_3.tif,106_1.tif,0,0.325758
103_3.tif,106_2.tif,0,0.363636
103_3.tif,106_3.tif,0,0.424242
103_3.tif,106_4.tif,0,0.348485
103_3.tif,106_5.tif,0,0.409091
103_3.tif,106_6.tif,0,0.295455
103_3.tif,106_7.tif,0,0.325758
103_3.tif,106_8.tif,0,0.284404
103_3.tif,107_1.tif,0,0.353982
103_3.tif,107_2.tif,0,0.348485
103_3.tif,107_3.tif,0,0.325758
103_3.tif,107_4.tif,0,0.371212
103_3.tif,107_5.tif,0,0.400000
103_3.tif,107_6.tif,0,0.401515
103_3.tif,107_7.tif,0,0.312500
103_3.tif,107_8.tif,0,0.204301
103_3.tif,108_1.tif,0,0.386364
103_3.tif,108_2.tif,0,0.424242
103_3.tif,108_3.tif,0,0.356061
103_3.tif,108_4.tif,0,0.348485
103_3.tif,108_5.tif,0,0.322835
103_3.tif,108_6.tif,0,0.424242
103_3.tif,108_7.tif,0,0.303030
103_3.tif,108_8.tif,0,0.312500
103_3.tif,109_1.tif,0,0.383721
103_3.tif,109_2.tif,0,0.354167
103_3.tif,109_3.tif,0,0.369048
103_3.tif,109_4.tif,0,0.320988
103_3.tif,109_5.tif,0,0.362745
103_3.tif,109_6.tif,0,0.318841
103_3.tif,109_7.tif,0,0.398148
103_3.tif,109_8.tif,0,0.336735
103_3.tif,110_1.tif,0,0.205128
103_3.tif,110_2.tif,0,0.260163
103_3.tif,110_3.tif,0,0.219512
103_3.tif,110_4.tif,0,0.267241
103_3.tif,110_5.tif,0,0.342857
103_3.tif,110_6.tif,0,0.277778
103_3.tif,110_7.tif,0,0.333333
103_3.tif,110_8.tif,0,0.284615
103_4.tif,103_5.tif,1,0.455882
103_4.tif,103_6.tif,1,0.441176
103_4.tif,103_7.tif,1,0.426471
103_4.tif,103_8.tif,1,0.279412
103_4.tif,104_1.tif,0,0.411765
103_4.tif,104_2.tif,0,0.455882
103_4.tif,104_3.tif,0,0.338235
103_4.tif,104_4.tif,0,0.455882
103_4.tif,104_5.tif,0,0.323529
103_4.tif,104_6.tif,0,0.500000
103_4.tif,104_7.tif,0,0.544118
103_4.tif,104_8.tif,0,0.382353
103_4.tif,105_1.tif,0,0.426471
103_4.tif,105_2.tif,0,0.426471
103_4.tif,105_3.tif,0,0.352941
103_4.tif,105_4.tif,0,0.352941
103_4.tif,105_5.tif,0,0.455882
103_4.tif,105_6.tif,0,0.485294
103_4.tif,105_7.tif,0,0.455882
103_4.tif,105_8.tif,0,0.338235
103_4.tif,106_1.tif,0,0.558824
103_4.tif,106_2.tif,0,0.514706
103_4.tif,106_3.tif,0,0.500000
103_4.tif,106_4.tif,0,0.411765
103_4.tif,106_5.tif,0,0.470588
103_4.tif,106_6.tif,0,0.397059
103_4.tif,106_7.tif,0,0.397059
103_4.tif,106_8.tif,0,0.323529
103_4.tif,107_1.tif,0,0.426471
103_4.tif,107_2.tif,0,0.382353
103_4.tif,107_3.tif,0,0.441176
103_4.tif,107_4.tif,0,0.382353
103_4.tif,107_5.tif,0,0.382353
103_4.tif,107_6.tif,0,0.470588
103_4.tif,107_7.tif,0,0.352941
103_4.tif,107_8.tif,0,0.294118
103_4.tif,108_1.tif,0,0.426471
103_4.tif,108_2.tif,0,0.470588
103_4.tif,108_3.tif,0,0.352941
103_4.tif,108_4.tif,0,0.338235
103_4.tif,108_5.tif,0,0.308824
103_4.tif,108_6.tif,0,0.441176
103_4.tif,108_7.tif,0,0.308824
103_4.tif,108_8.tif,0,0.382353
103_4.tif,109_1.tif,0,0.294118
103_4.tif,109_2.tif,0,0.279412
103_4.tif,109_3.tif,0,0.294118
103_4.tif,109_4.tif,0,0.294118
103_4.tif,109_5.tif,0,0.308824
103_4.tif,109_6.tif,0,0.176471
103_4.tif,109_7.tif,0,0.397059
103_4.tif,109_8.tif,0,0.294118
103_4.tif,110_1.tif,0,0.411765
103_4.tif,110_2.tif,0,0.382353
103_4.tif,110_3.tif,0,0.294118
103_4.tif,110_4.tif,0,0.294118
103_4.tif,110_5.tif,0,0.323529
103_4.tif,110_6.tif,0,0.411765
103_4.tif,110_7.tif,0,0.338235
103_4.tif,110_8.tif,0,0.250000
103_5.tif,103_6.tif,1,0.493590
103_5.tif,103_7.tif,1,0.382979
103_5.tif,103_8.tif,1,0.500000
103_5.tif,104_1.tif,0,0.364238
103_5.tif,104_2.tif,0,0.361290
103_5.tif,104_3.tif,0,0.357143
103_5.tif,104_4.tif,0,0.409091
103_5.tif,104_5.tif,0,0.396040
103_5.tif,104_6.tif,0,0.467949
103_5.tif,104_7.tif,0,0.500000
103_5.tif,104_8.tif,0,0.360000
103_5.tif,105_1.tif,0,0.326923
103_5.tif,105_2.tif,0,0.333333
103_5.tif,105_3.tif,0,0.335766
103_5.tif,105_4.tif,0,0.364341
103_5.tif,105_5.tif,0,0.371795
103_5.tif,105_6.tif,0,0.387097
103_5.tif,105_7.tif,0,0.448718
103_5.tif,105_8.tif,0,0.371681
103_5.tif,106_1.tif,0,0.371795
103_5.tif,106_2.tif,0,0.352564
103_5.tif,106_3.tif,0,0.474359
103_5.tif,106_4.tif,0,0.423358
103_5.tif,106_5.tif,0,0.435897
103_5.tif,106_6.tif,0,0.371212
103_5.tif,106_7.tif,0,0.358108
103_5.tif,106_8.tif,0,0.339450
103_5.tif,107_1.tif,0,0.380531
103_5.tif,107_2.tif,0,0.383459
103_5.tif,107_3.tif,0,0.362963
103_5.tif,107_4.tif,0,0.388489
103_5.tif,107_5.tif,0,0.478261
103_5.tif,107_6.tif,0,0.423077
103_5.tif,107_7.tif,0,0.414062
103_5.tif,107_8.tif,0,0.247312
103_5.tif,108_1.tif,0,0.371795
103_5.tif,108_2.tif,0,0.398601
103_5.tif,108_3.tif,0,0.380952
103_5.tif,108_4.tif,0,0.432624
103_5.tif,108_5.tif,0,0.346457
103_5.tif,108_6.tif,0,0.397436
103_5.tif,108_7.tif,0,0.375000
103_5.tif,108_8.tif,0,0.382812
103_5.tif,109_1.tif,0,0.348837
103_5.tif,109_2.tif,0,0.406250
103_5.tif,109_3.tif,0,0.404762
103_5.tif,109_4.tif,0,0.395062
103_5.tif,109_5.tif,0,0.372549
103_5.tif,109_6.tif,0,0.289855
103_5.tif,109_7.tif,0,0.444444
103_5.tif,109_8.tif,0,0.367347
103_5.tif,110_1.tif,0,0.282051
103_5.tif,110_2.tif,0,0.341463
103_5.tif,110_3.tif,0,0.268293
103_5.tif,110_4.tif,0,0.370690
103_5.tif,110_5.tif,0,0.352381
103_5.tif,110_6.tif,0,0.287037
103_5.tif,110_7.tif,0,0.378205
103_5.tif,110_8.tif,0,0.376923
103_6.tif,103_7.tif,1,0.382979
103_6.tif,103_8.tif,1,0.542857
103_6.tif,104_1.tif,0,0.377483
103_6.tif,104_2.tif,0,0.387097
103_6.tif,104_3.tif,0,0.392857
103_6.tif,104_4.tif,0,0.396104
103_6.tif,104_5.tif,0,0.415842
103_6.tif,104_6.tif,0,0.426901
103_6.tif,104_7.tif,0,0.444444
103_6.tif,104_8.tif,0,0.368000
103_6.tif,105_1.tif,0,0.329341
103_6.tif,105_2.tif,0,0.369697
103_6.tif,105_3.tif,0,0.372263
103_6.tif,105_4.tif,0,0.410853
103_6.tif,105_5.tif,0,0.345238
103_6.tif,105_6.tif,0,0.395161
103_6.tif,105_7.tif,0,0.421053
103_6.tif,105_8.tif,0,0.362832
103_6.tif,106_1.tif,0,0.345029
103_6.tif,106_2.tif,0,0.380117
103_6.tif,106_3.tif,0,0.403509
103_6.tif,106_4.tif,0,0.394161
103_6.tif,106_5.tif,0,0.397661
103_6.tif,106_6.tif,0,0.356061
103_6.tif,106_7.tif,0,0.378378
103_6.tif,106_8.tif,0,0.376147
103_6.tif,107_1.tif,0,0.389381
103_6.tif,107_2.tif,0,0.398496
103_6.tif,107_3.tif,0,0.392593
103_6.tif,107_4.tif,0,0.388489
103_6.tif,107_5.tif,0,0.504348
103_6.tif,107_6.tif,0,0.397661
103_6.tif,107_7.tif,0,0.468750
103_6.tif,107_8.tif,0,0.258065
103_6.tif,108_1.tif,0,0.386076
103_6.tif,108_2.tif,0,0.377622
103_6.tif,108_3.tif,0,0.387755
103_6.tif,108_4.tif,0,0.382979
103_6.tif,108_5.tif,0,0.322835
103_6.tif,108_6.tif,0,0.391813
103_6.tif,108_7.tif,0,0.354167
103_6.tif,108_8.tif,0,0.414062
103_6.tif,109_1.tif,0,0.360465
103_6.tif,109_2.tif,0,0.375000
103_6.tif,109_3.tif,0,0.452381
103_6.tif,109_4.tif,0,0.432099
103_6.tif,109_5.tif,0,0.421569
103_6.tif,109_6.tif,0,0.260870
103_6.tif,109_7.tif,0,0.416667
103_6.tif,109_8.tif,0,0.377551
103_6.tif,110_1.tif,0,0.290598
103_6.tif,110_2.tif,0,0.357724
103_6.tif,110_3.tif,0,0.325203
103_6.tif,110_4.tif,0,0.336207
103_6.tif,110_5.tif,0,0.380952
103_6.tif,110_6.tif,0,0.324074
103_6.tif,110_7.tif,0,0.327160
103_6.tif,110_8.tif,0,0.346154
103_7.tif,103_8.tif,1,0.385714
103_7.tif,104_1.tif,0,0.326241
103_7.tif,104_2.tif,0,0.368794
103_7.tif,104_3.tif,0,0.357143
103_7.tif,104_4.tif,0,0.354610
103_7.tif,104_5.tif,0,0.366337
103_7.tif,104_6.tif,0,0.453901
103_7.tif,104_7.tif,0,0.517730
103_7.tif,104_8.tif,0,0.344000
103_7.tif,105_1.tif,0,0.390071
103_7.tif,105_2.tif,0,0.404255
103_7.tif,105_3.tif,0,0.328467
103_7.tif,105_4.tif,0,0.387597
103_7.tif,105_5.tif,0,0.312057
103_7.tif,105_6.tif,0,0.362903
103_7.tif,105_7.tif,0,0.425532
103_7.tif,105_8.tif,0,0.398230
103_7.tif,106_1.tif,0,0.375887
103_7.tif,106_2.tif,0,0.368794
103_7.tif,106_3.tif,0,0.446809
103_7.tif,106_4.tif,0,0.357664
103_7.tif,106_5.tif,0,0.404255
103_7.tif,106_6.tif,0,0.409091
103_7.tif,106_7.tif,0,0.368794
103_7.tif,106_8.tif,0,0.302752
103_7.tif,107_1.tif,0,0.327434
103_7.tif,107_2.tif,0,0.300752
103_7.tif,107_3.tif,0,0.333333
103_7.tif,107_4.tif,0,0.381295
103_7.tif,107_5.tif,0,0.391304
103_7.tif,107_6.tif,0,0.453901
103_7.tif,107_7.tif,0,0.304688
103_7.tif,107_8.tif,0,0.290323
103_7.tif,108_1.tif,0,0.340426
103_7.tif,108_2.tif,0,0.326241
103_7.tif,108_3.tif,0,0.397163
103_7.tif,108_4.tif,0,0.312057
103_7.tif,108_5.tif,0,0.346457
103_7.tif,108_6.tif,0,0.468085
103_7.tif,108_7.tif,0,0.290780
103_7.tif,108_8.tif,0,0.335938
103_7.tif,109_1.tif,0,0.302326
103_7.tif,109_2.tif,0,0.322917
103_7.tif,109_3.tif,0,0.333333
103_7.tif,109_4.tif,0,0.345679
103_7.tif,109_5.tif,0,0.421569
103_7.tif,109_6.tif,0,0.289855
103_7.tif,109_7.tif,0,0.361111
103_7.tif,109_8.tif,0,0.346939
103_7.tif,110_1.tif,0,0.299145
103_7.tif,110_2.tif,0,0.268293
103_7.tif,110_3.tif,0,0.276423
103_7.tif,110_4.tif,0,0.284483
103_7.tif,110_5.tif,0,0.266667
103_7.tif,110_6.tif,0,0.333333
103_7.tif,110_7.tif,0,0.354610
103_7.tif,110_8.tif,0,0.284615
103_8.tif,104_1.tif,0,0.400000
103_8.tif,104_2.tif,0,0.428571
103_8.tif,104_3.tif,0,0.357143
103_8.tif,104_4.tif,0,0.557143
103_8.tif,104_5.tif,0,0.328571
103_8.tif,104_6.tif,0,0.542857
103_8.tif,104_7.tif,0,0.571429
103_8.tif,104_8.tif,0,0.457143
103_8.tif,105_1.tif,0,0.428571
103_8.tif,105_2.tif,0,0.442857
103_8.tif,105_3.tif,0,0.328571
103_8.tif,105_4.tif,0,0.471429
103_8.tif,105_5.tif,0,0.442857
103_8.tif,105_6.tif,0,0.442857
103_8.tif,105_7.tif,0,0.542857
103_8.tif,105_8.tif,0,0.371429
103_8.tif,106_1.tif,0,0.428571
103_8.tif,106_2.tif,0,0.457143
103_8.tif,106_3.tif,0,0.557143
103_8.tif,106_4.tif,0,0.400000
103_8.tif,106_5.tif,0,0.514286
103_8.tif,106_6.tif,0,0.471429
103_8.tif,106_7.tif,0,0.414286
103_8.tif,106_8.tif,0,0.328571
103_8.tif,107_1.tif,0,0.385714
103_8.tif,107_2.tif,0,0.471429
103_8.tif,107_3.tif,0,0.471429
103_8.tif,107_4.tif,0,0.485714
103_8.tif,107_5.tif,0,0.557143
103_8.tif,107_6.tif,0,0.500000
103_8.tif,107_7.tif,0,0.314286
103_8.tif,107_8.tif,0,0.300000
103_8.tif,108_1.tif,0,0.471429
103_8.tif,108_2.tif,0,0.514286
103_8.tif,108_3.tif,0,0.442857
103_8.tif,108_4.tif,0,0.442857
103_8.tif,108_5.tif,0,0.400000
103_8.tif,108_6.tif,0,0.471429
103_8.tif,108_7.tif,0,0.442857
103_8.tif,108_8.tif,0,0.400000
103_8.tif,109_1.tif,0,0.285714
103_8.tif,109_2.tif,0,0.328571
103_8.tif,109_3.tif,0,0.300000
103_8.tif,109_4.tif,0,0.385714
103_8.tif,109_5.tif,0,0.414286
103_8.tif,109_6.tif,0,0.260870
103_8.tif,109_7.tif,0,0.400000
103_8.tif,109_8.tif,0,0.285714
103_8.tif,110_1.tif,0,0.257143
103_8.tif,110_2.tif,0,0.357143
103_8.tif,110_3.tif,0,0.300000
103_8.tif,110_4.tif,0,0.328571
103_8.tif,110_5.tif,0,0.300000
103_8.tif,110_6.tif,0,0.285714
103_8.tif,110_7.tif,0,0.400000
103_8.tif,110_8.tif,0,0.314286
104_1.tif,104_2.tif,1,0.344371
104_1.tif,104_3.tif,1,0.437500
104_1.tif,104_4.tif,1,0.324503
104_1.tif,104_5.tif,1,0.445545
104_1.tif,104_6.tif,1,0.450331
104_1.tif,104_7.tif,1,0.463576
104_1.tif,104_8.tif,1,0.408000
104_1.tif,105_1.tif,0,0.377483
104_1.tif,105_2.tif,0,0.357616
104_1.tif,105_3.tif,0,0.357664
104_1.tif,105_4.tif,0,0.364341
104_1.tif,105_5.tif,0,0.384106
104_1.tif,105_6.tif,0,0.411290
104_1.tif,105_7.tif,0,0.443709
104_1.tif,105_8.tif,0,0.389381
104_1.tif,106_1.tif,0,0.324503
104_1.tif,106_2.tif,0,0.364238
104_1.tif,106_3.tif,0,0.430464
104_1.tif,106_4.tif,0,0.372263
104_1.tif,106_5.tif,0,0.384106
104_1.tif,106_6.tif,0,0.386364
104_1.tif,106_7.tif,0,0.304054
104_1.tif,106_8.tif,0,0.293578
104_1.tif,107_1.tif,0,0.336283
104_1.tif,107_2.tif,0,0.308271
104_1.tif,107_3.tif,0,0.400000
104_1.tif,107_4.tif,0,0.395683
104_1.tif,107_5.tif,0,0.443478
104_1.tif,107_6.tif,0,0.410596
104_1.tif,107_7.tif,0,0.343750
104_1.tif,107_8.tif,0,0.301075
104_1.tif,108_1.tif,0,0.403974
104_1.tif,108_2.tif,0,0.377622
104_1.tif,108_3.tif,0,0.374150
104_1.tif,108_4.tif,0,0.432624
104_1.tif,108_5.tif,0,0.346457
104_1.tif,108_6.tif,0,0.417219
104_1.tif,108_7.tif,0,0.375000
104_1.tif,108_8.tif,0,0.382812
104_1.tif,109_1.tif,0,0.313953
104_1.tif,109_2.tif,0,0.333333
104_1.tif,109_3.tif,0,0.309524
104_1.tif,109_4.tif,0,0.444444
104_1.tif,109_5.tif,0,0.401961
104_1.tif,109_6.tif,0,0.347826
104_1.tif,109_7.tif,0,0.370370
104_1.tif,109_8.tif,0,0.295918
104_1.tif,110_1.tif,0,0.324786
104_1.tif,110_2.tif,0,0.300813
104_1.tif,110_3.tif,0,0.284553
104_1.tif,110_4.tif,0,0.327586
104_1.tif,110_5.tif,0,0.314286
104_1.tif,110_6.tif,0,0.305556
104_1.tif,110_7.tif,0,0.350993
104_1.tif,110_8.tif,0,0.315385
104_2.tif,104_3.tif,1,0.375000
104_2.tif,104_4.tif,1,0.383117
104_2.tif,104_5.tif,1,0.396040
104_2.tif,104_6.tif,1,0.503226
104_2.tif,104_7.tif,1,0.470968
104_2.tif,104_8.tif,1,0.368000
104_2.tif,105_1.tif,0,0.335484
104_2.tif,105_2.tif,0,0.348387
104_2.tif,105_3.tif,0,0.321168
104_2.tif,105_4.tif,0,0.379845
104_2.tif,105_5.tif,0,0.354839
104_2.tif,105_6.tif,0,0.379032
104_2.tif,105_7.tif,0,0.432258
104_2.tif,105_8.tif,0,0.380531
104_2.tif,106_1.tif,0,0.309677
104_2.tif,106_2.tif,0,0.348387
104_2.tif,106_3.tif,0,0.393548
104_2.tif,106_4.tif,0,0.357664
104_2.tif,106_5.tif,0,0.380645
104_2.tif,106_6.tif,0,0.356061
104_2.tif,106_7.tif,0,0.317568
104_2.tif,106_8.tif,0,0.339450
104_2.tif,107_1.tif,0,0.380531
104_2.tif,107_2.tif,0,0.345865
104_2.tif,107_3.tif,0,0.362963
104_2.tif,107_4.tif,0,0.345324
104_2.tif,107_5.tif,0,0.434783
104_2.tif,107_6.tif,0,0.432258
104_2.tif,107_7.tif,0,0.328125
104_2.tif,107_8.tif,0,0.258065
104_2.tif,108_1.tif,0,0.367742
104_2.tif,108_2.tif,0,0.405594
104_2.tif,108_3.tif,0,0.401361
104_2.tif,108_4.tif,0,0.368794
104_2.tif,108_5.tif,0,0.354331
104_2.tif,108_6.tif,0,0.419355
104_2.tif,108_7.tif,0,0.347222
104_2.tif,108_8.tif,0,0.359375
104_2.tif,109_1.tif,0,0.360465
104_2.tif,109_2.tif,0,0.406250
104_2.tif,109_3.tif,0,0.357143
104_2.tif,109_4.tif,0,0.456790
104_2.tif,109_5.tif,0,0.411765
104_2.tif,109_6.tif,0,0.347826
104_2.tif,109_7.tif,0,0.398148
104_2.tif,109_8.tif,0,0.357143
104_2.tif,110_1.tif,0,0.333333
104_2.tif,110_2.tif,0,0.300813
104_2.tif,110_3.tif,0,0.292683
104_2.tif,110_4.tif,0,0.336207
104_2.tif,110_5.tif,0,0.304762
104_2.tif,110_6.tif,0,0.314815
104_2.tif,110_7.tif,0,0.322581
104_2.tif,110_8.tif,0,0.346154
104_3.tif,104_4.tif,1,0.428571
104_3.tif,104_5.tif,1,0.336634
104_3.tif,104_6.tif,1,0.446429
104_3.tif,104_7.tif,1,0.500000
104_3.tif,104_8.tif,1,0.330357
104_3.tif,105_1.tif,0,0.366071
104_3.tif,105_2.tif,0,0.357143
104_3.tif,105_3.tif,0,0.303571
104_3.tif,105_4.tif,0,0.312500
104_3.tif,105_5.tif,0,0.383929
104_3.tif,105_6.tif,0,0.321429
104_3.tif,105_7.tif,0,0.392857
104_3.tif,105_8.tif,0,0.276786
104_3.tif,106_1.tif,0,0.348214
104_3.tif,106_2.tif,0,0.383929
104_3.tif,106_3.tif,0,0.392857
104_3.tif,106_4.tif,0,0.375000
104_3.tif,106_5.tif,0,0.392857
104_3.tif,106_6.tif,0,0.339286
104_3.tif,106_7.tif,0,0.348214
104_3.tif,106_8.tif,0,0.256881
104_3.tif,107_1.tif,0,0.321429
104_3.tif,107_2.tif,0,0.357143
104_3.tif,107_3.tif,0,0.312500
104_3.tif,107_4.tif,0,0.357143
104_3.tif,107_5.tif,0,0.339286
104_3.tif,107_6.tif,0,0.383929
104_3.tif,107_7.tif,0,0.366071
104_3.tif,107_8.tif,0,0.236559
104_3.tif,108_1.tif,0,0.383929
104_3.tif,108_2.tif,0,0.437500
104_3.tif,108_3.tif,0,0.410714
104_3.tif,108_4.tif,0,0.392857
104_3.tif,108_5.tif,0,0.312500
104_3.tif,108_6.tif,0,0.410714
104_3.tif,108_7.tif,0,0.366071
104_3.tif,108_8.tif,0,0.375000
104_3.tif,109_1.tif,0,0.279070
104_3.tif,109_2.tif,0,0.281250
104_3.tif,109_3.tif,0,0.297619
104_3.tif,109_4.tif,0,0.333333
104_3.tif,109_5.tif,0,0.460784
104_3.tif,109_6.tif,0,0.246377
104_3.tif,109_7.tif,0,0.314815
104_3.tif,109_8.tif,0,0.306122
104_3.tif,110_1.tif,0,0.223214
104_3.tif,110_2.tif,0,0.285714
104_3.tif,110_3.tif,0,0.241071
104_3.tif,110_4.tif,0,0.276786
104_3.tif,110_5.tif,0,0.295238
104_3.tif,110_6.tif,0,0.231481
104_3.tif,110_7.tif,0,0.392857
104_3.tif,110_8.tif,0,0.303571
104_4.tif,104_5.tif,1,0.485149
104_4.tif,104_6.tif,1,0.441558
104_4.tif,104_7.tif,1,0.448052
104_4.tif,104_8.tif,1,0.344000
104_4.tif,105_1.tif,0,0.298701
104_4.tif,105_2.tif,0,0.324675
104_4.tif,105_3.tif,0,0.306569
104_4.tif,105_4.tif,0,0.395349
104_4.tif,105_5.tif,0,0.337662
104_4.tif,105_6.tif,0,0.395161
104_4.tif,105_7.tif,0,0.441558
104_4.tif,105_8.tif,0,0.292035
104_4.tif,106_1.tif,0,0.357143
104_4.tif,106_2.tif,0,0.402597
104_4.tif,106_3.tif,0,0.435065
104_4.tif,106_4.tif,0,0.459854
104_4.tif,106_5.tif,0,0.409091
104_4.tif,106_6.tif,0,0.371212
104_4.tif,106_7.tif,0,0.391892
104_4.tif,106_8.tif,0,0.366972
104_4.tif,107_1.tif,0,0.371681
104_4.tif,107_2.tif,0,0.330827
104_4.tif,107_3.tif,0,0.392593
104_4.tif,107_4.tif,0,0.366906
104_4.tif,107_5.tif,0,0.469565
104_4.tif,107_6.tif,0,0.428571
104_4.tif,107_7.tif,0,0.367188
104_4.tif,107_8.tif,0,0.258065
104_4.tif,108_1.tif,0,0.370130
104_4.tif,108_2.tif,0,0.433566
104_4.tif,108_3.tif,0,0.367347
104_4.tif,108_4.tif,0,0.368794
104_4.tif,108_5.tif,0,0.338583
104_4.tif,108_6.tif,0,0.409091
104_4.tif,108_7.tif,0,0.368056
104_4.tif,108_8.tif,0,0.398438
104_4.tif,109_1.tif,0,0.406977
104_4.tif,109_2.tif,0,0.510417
104_4.tif,109_3.tif,0,0.392857
104_4.tif,109_4.tif,0,0.469136
104_4.tif,109_5.tif,0,0.421569
104_4.tif,109_6.tif,0,0.391304
104_4.tif,109_7.tif,0,0.481481
104_4.tif,109_8.tif,0,0.346939
104_4.tif,110_1.tif,0,0.307692
104_4.tif,110_2.tif,0,0.333333
104_4.tif,110_3.tif,0,0.284553
104_4.tif,110_4.tif,0,0.318966
104_4.tif,110_5.tif,0,0.333333
104_4.tif,110_6.tif,0,0.333333
104_4.tif,110_7.tif,0,0.383117
104_4.tif,110_8.tif,0,0.315385
104_5.tif,104_6.tif,1,0.544554
104_5.tif,104_7.tif,1,0.514851
104_5.tif,104_8.tif,1,0.336634
104_5.tif,105_1.tif,0,0.366337
104_5.tif,105_2.tif,0,0.376238
104_5.tif,105_3.tif,0,0.336634
104_5.tif,105_4.tif,0,0.366337
104_5.tif,105_5.tif,0,0.445545
104_5.tif,105_6.tif,0,0.366337
104_5.tif,105_7.tif,0,0.485149
104_5.tif,105_8.tif,0,0.297030
104_5.tif,106_1.tif,0,0.366337
104_5.tif,106_2.tif,0,0.396040
104_5.tif,106_3.tif,0,0.495050
104_5.tif,106_4.tif,0,0.396040
104_5.tif,106_5.tif,0,0.405941
104_5.tif,106_6.tif,0,0.346535
104_5.tif,106_7.tif,0,0.386139
104_5.tif,106_8.tif,0,0.297030
104_5.tif,107_1.tif,0,0.297030
104_5.tif,107_2.tif,0,0.435644
104_5.tif,107_3.tif,0,0.396040
104_5.tif,107_4.tif,0,0.396040
104_5.tif,107_5.tif,0,0.475248
104_5.tif,107_6.tif,0,0.475248
104_5.tif,107_7.tif,0,0.326733
104_5.tif,107_8.tif,0,0.139785
104_5.tif,108_1.tif,0,0.495050
104_5.tif,108_2.tif,0,0.504950
104_5.tif,108_3.tif,0,0.386139
104_5.tif,108_4.tif,0,0.455446
104_5.tif,108_5.tif,0,0.376238
104_5.tif,108_6.tif,0,0.504950
104_5.tif,108_7.tif,0,0.405941
104_5.tif,108_8.tif,0,0.435644
104_5.tif,109_1.tif,0,0.279070
104_5.tif,109_2.tif,0,0.333333
104_5.tif,109_3.tif,0,0.333333
104_5.tif,109_4.tif,0,0.358025
104_5.tif,109_5.tif,0,0.415842
104_5.tif,109_6.tif,0,0.246377
104_5.tif,109_7.tif,0,0.396040
104_5.tif,109_8.tif,0,0.295918
104_5.tif,110_1.tif,0,0.227723
104_5.tif,110_2.tif,0,0.336634
104_5.tif,110_3.tif,0,0.287129
104_5.tif,110_4.tif,0,0.316832
104_5.tif,110_5.tif,0,0.306931
104_5.tif,110_6.tif,0,0.237624
104_5.tif,110_7.tif,0,0.405941
104_5.tif,110_8.tif,0,0.297030
104_6.tif,104_7.tif,1,0.500000
104_6.tif,104_8.tif,1,0.456000
104_6.tif,105_1.tif,0,0.383234
104_6.tif,105_2.tif,0,0.424242
104_6.tif,105_3.tif,0,0.459854
104_6.tif,105_4.tif,0,0.496124
104_6.tif,105_5.tif,0,0.404762
104_6.tif,105_6.tif,0,0.467742
104_6.tif,105_7.tif,0,0.434555
104_6.tif,105_8.tif,0,0.460177
104_6.tif,106_1.tif,0,0.415205
104_6.tif,106_2.tif,0,0.413793
104_6.tif,106_3.tif,0,0.437811
104_6.tif,106_4.tif,0,0.510949
104_6.tif,106_5.tif,0,0.418994
104_6.tif,106_6.tif,0,0.446970
104_6.tif,106_7.tif,0,0.472973
104_6.tif,106_8.tif,0,0.422018
104_6.tif,107_1.tif,0,0.415929
104_6.tif,107_2.tif,0,0.421053
104_6.tif,107_3.tif,0,0.437037
104_6.tif,107_4.tif,0,0.482014
104_6.tif,107_5.tif,0,0.539130
104_6.tif,107_6.tif,0,0.407035
104_6.tif,107_7.tif,0,0.421875
104_6.tif,107_8.tif,0,0.322581
104_6.tif,108_1.tif,0,0.474684
104_6.tif,108_2.tif,0,0.482517
104_6.tif,108_3.tif,0,0.462585
104_6.tif,108_4.tif,0,0.517730
104_6.tif,108_5.tif,0,0.472441
104_6.tif,108_6.tif,0,0.408840
104_6.tif,108_7.tif,0,0.465278
104_6.tif,108_8.tif,0,0.484375
104_6.tif,109_1.tif,0,0.395349
104_6.tif,109_2.tif,0,0.468750
104_6.tif,109_3.tif,0,0.488095
104_6.tif,109_4.tif,0,0.481481
104_6.tif,109_5.tif,0,0.500000
104_6.tif,109_6.tif,0,0.376812
104_6.tif,109_7.tif,0,0.500000
104_6.tif,109_8.tif,0,0.438776
104_6.tif,110_1.tif,0,0.401709
104_6.tif,110_2.tif,0,0.365854
104_6.tif,110_3.tif,0,0.382114
104_6.tif,110_4.tif,0,0.379310
104_6.tif,110_5.tif,0,0.447619
104_6.tif,110_6.tif,0,0.398148
104_6.tif,110_7.tif,0,0.438272
104_6.tif,110_8.tif,0,0.415385
104_7.tif,104_8.tif,1,0.488000
104_7.tif,105_1.tif,0,0.479042
104_7.tif,105_2.tif,0,0.442424
104_7.tif,105_3.tif,0,0.489051
104_7.tif,105_4.tif,0,0.511628
104_7.tif,105_5.tif,0,0.458333
104_7.tif,105_6.tif,0,0.532258
104_7.tif,105_7.tif,0,0.513089
104_7.tif,105_8.tif,0,0.513274
104_7.tif,106_1.tif,0,0.438596
104_7.tif,106_2.tif,0,0.436782
104_7.tif,106_3.tif,0,0.437811
104_7.tif,106_4.tif,0,0.489051
104_7.tif,106_5.tif,0,0.446927
104_7.tif,106_6.tif,0,0.568182
104_7.tif,106_7.tif,0,0.493243
104_7.tif,106_8.tif,0,0.477064
104_7.tif,107_1.tif,0,0.486726
104_7.tif,107_2.tif,0,0.413534
104_7.tif,107_3.tif,0,0.466667
104_7.tif,107_4.tif,0,0.517986
104_7.tif,107_5.tif,0,0.573913
104_7.tif,107_6.tif,0,0.447236
104_7.tif,107_7.tif,0,0.429688
104_7.tif,107_8.tif,0,0.333333
104_7.tif,108_1.tif,0,0.455696
104_7.tif,108_2.tif,0,0.461538
104_7.tif,108_3.tif,0,0.482993
104_7.tif,108_4.tif,0,0.503546
104_7.tif,108_5.tif,0,0.433071
104_7.tif,108_6.tif,0,0.480663
104_7.tif,108_7.tif,0,0.493056
104_7.tif,108_8.tif,0,0.445312
104_7.tif,109_1.tif,0,0.430233
104_7.tif,109_2.tif,0,0.479167
104_7.tif,109_3.tif,0,0.392857
104_7.tif,109_4.tif,0,0.518519
104_7.tif,109_5.tif,0,0.539216
104_7.tif,109_6.tif,0,0.463768
104_7.tif,109_7.tif,0,0.509259
104_7.tif,109_8.tif,0,0.377551
104_7.tif,110_1.tif,0,0.427350
104_7.tif,110_2.tif,0,0.390244
104_7.tif,110_3.tif,0,0.373984
104_7.tif,110_4.tif,0,0.422414
104_7.tif,110_5.tif,0,0.485714
104_7.tif,110_6.tif,0,0.453704
104_7.tif,110_7.tif,0,0.432099
104_7.tif,110_8.tif,0,0.392308
104_8.tif,105_1.tif,0,0.392000
104_8.tif,105_2.tif,0,0.344000
104_8.tif,105_3.tif,0,0.312000
104_8.tif,105_4.tif,0,0.288000
104_8.tif,105_5.tif,0,0.400000
104_8.tif,105_6.tif,0,0.330645
104_8.tif,105_7.tif,0,0.440000
104_8.tif,105_8.tif,0,0.318584
104_8.tif,106_1.tif,0,0.328000
104_8.tif,106_2.tif,0,0.352000
104_8.tif,106_3.tif,0,0.376000
104_8.tif,106_4.tif,0,0.360000
104_8.tif,106_5.tif,0,0.344000
104_8.tif,106_6.tif,0,0.304000
104_8.tif,106_7.tif,0,0.376000
104_8.tif,106_8.tif,0,0.302752
104_8.tif,107_1.tif,0,0.318584
104_8.tif,107_2.tif,0,0.288000
104_8.tif,107_3.tif,0,0.312000
104_8.tif,107_4.tif,0,0.336000
104_8.tif,107_5.tif,0,0.339130
104_8.tif,107_6.tif,0,0.400000
104_8.tif,107_7.tif,0,0.296000
104_8.tif,107_8.tif,0,0.225806
104_8.tif,108_1.tif,0,0.384000
104_8.tif,108_2.tif,0,0.384000
104_8.tif,108_3.tif,0,0.400000
104_8.tif,108_4.tif,0,0.344000
104_8.tif,108_5.tif,0,0.344000
104_8.tif,108_6.tif,0,0.416000
104_8.tif,108_7.tif,0,0.336000
104_8.tif,108_8.tif,0,0.304000
104_8.tif,109_1.tif,0,0.279070
104_8.tif,109_2.tif,0,0.333333
104_8.tif,109_3.tif,0,0.333333
104_8.tif,109_4.tif,0,0.358025
104_8.tif,109_5.tif,0,0.392157
104_8.tif,109_6.tif,0,0.333333
104_8.tif,109_7.tif,0,0.333333
104_8.tif,109_8.tif,0,0.255102
104_8.tif,110_1.tif,0,0.256410
104_8.tif,110_2.tif,0,0.235772
104_8.tif,110_3.tif,0,0.235772
104_8.tif,110_4.tif,0,0.241379
104_8.tif,110_5.tif,0,0.266667
104_8.tif,110_6.tif,0,0.296296
104_8.tif,110_7.tif,0,0.304000
104_8.tif,110_8.tif,0,0.272000
105_1.tif,105_2.tif,1,0.406061
105_1.tif,105_3.tif,1,0.364964
105_1.tif,105_4.tif,1,0.364341
105_1.tif,105_5.tif,1,0.329341
105_1.tif,105_6.tif,1,0.427419
105_1.tif,105_7.tif,1,0.401198
105_1.tif,105_8.tif,1,0.442478
105_1.tif,106_1.tif,0,0.323353
105_1.tif,106_2.tif,0,0.323353
105_1.tif,106_3.tif,0,0.383234
105_1.tif,106_4.tif,0,0.379562
105_1.tif,106_5.tif,0,0.359281
105_1.tif,106_6.tif,0,0.378788
105_1.tif,106_7.tif,0,0.331081
105_1.tif,106_8.tif,0,0.348624
105_1.tif,107_1.tif,0,0.362832
105_1.tif,107_2.tif,0,0.308271
105_1.tif,107_3.tif,0,0.377778
105_1.tif,107_4.tif,0,0.359712
105_1.tif,107_5.tif,0,0.408696
105_1.tif,107_6.tif,0,0.407186
105_1.tif,107_7.tif,0,0.304688
105_1.tif,107_8.tif,0,0.311828
105_1.tif,108_1.tif,0,0.335443
105_1.tif,108_2.tif,0,0.342657
105_1.tif,108_3.tif,0,0.353741
105_1.tif,108_4.tif,0,0.397163
105_1.tif,108_5.tif,0,0.330709
105_1.tif,108_6.tif,0,0.341317
105_1.tif,108_7.tif,0,0.319444
105_1.tif,108_8.tif,0,0.335938
105_1.tif,109_1.tif,0,0.325581
105_1.tif,109_2.tif,0,0.312500
105_1.tif,109_3.tif,0,0.416667
105_1.tif,109_4.tif,0,0.444444
105_1.tif,109_5.tif,0,0.401961
105_1.tif,109_6.tif,0,0.376812
105_1.tif,109_7.tif,0,0.351852
105_1.tif,109_8.tif,0,0.295918
105_1.tif,110_1.tif,0,0.299145
105_1.tif,110_2.tif,0,0.325203
105_1.tif,110_3.tif,0,0.292683
105_1.tif,110_4.tif,0,0.267241
105_1.tif,110_5.tif,0,0.323810
105_1.tif,110_6.tif,0,0.361111
105_1.tif,110_7.tif,0,0.290123
105_1.tif,110_8.tif,0,0.284615
105_2.tif,105_3.tif,1,0.379562
105_2.tif,105_4.tif,1,0.372093
105_2.tif,105_5.tif,1,0.321212
105_2.tif,105_6.tif,1,0.467742
105_2.tif,105_7.tif,1,0.430303
105_2.tif,105_8.tif,1,0.380531
105_2.tif,106_1.tif,0,0.296970
105_2.tif,106_2.tif,0,0.357576
105_2.tif,106_3.tif,0,0.387879
105_2.tif,106_4.tif,0,0.291971
105_2.tif,106_5.tif,0,0.345455
105_2.tif,106_6.tif,0,0.378788
105_2.tif,106_7.tif,0,0.331081
105_2.tif,106_8.tif,0,0.385321
105_2.tif,107_1.tif,0,0.318584
105_2.tif,107_2.tif,0,0.353383
105_2.tif,107_3.tif,0,0.318519
105_2.tif,107_4.tif,0,0.438849
105_2.tif,107_5.tif,0,0.391304
105_2.tif,107_6.tif,0,0.369697
105_2.tif,107_7.tif,0,0.375000
105_2.tif,107_8.tif,0,0.279570
105_2.tif,108_1.tif,0,0.360759
105_2.tif,108_2.tif,0,0.349650
105_2.tif,108_3.tif,0,0.394558
105_2.tif,108_4.tif,0,0.354610
105_2.tif,108_5.tif,0,0.322835
105_2.tif,108_6.tif,0,0.363636
105_2.tif,108_7.tif,0,0.340278
105_2.tif,108_8.tif,0,0.359375
105_2.tif,109_1.tif,0,0.383721
105_2.tif,109_2.tif,0,0.385417
105_2.tif,109_3.tif,0,0.345238
105_2.tif,109_4.tif,0,0.407407
105_2.tif,109_5.tif,0,0.421569
105_2.tif,109_6.tif,0,0.318841
105_2.tif,109_7.tif,0,0.370370
105_2.tif,109_8.tif,0,0.295918
105_2.tif,110_1.tif,0,0.282051
105_2.tif,110_2.tif,0,0.268293
105_2.tif,110_3.tif,0,0.308943
105_2.tif,110_4.tif,0,0.301724
105_2.tif,110_5.tif,0,0.323810
105_2.tif,110_6.tif,0,0.333333
105_2.tif,110_7.tif,0,0.283951
105_2.tif,110_8.tif,0,0.300000
105_3.tif,105_4.tif,1,0.279070
105_3.tif,105_5.tif,1,0.328467
105_3.tif,105_6.tif,1,0.370968
105_3.tif,105_7.tif,1,0.416058
105_3.tif,105_8.tif,1,0.362832
105_3.tif,106_1.tif,0,0.299270
105_3.tif,106_2.tif,0,0.313869
105_3.tif,106_3.tif,0,0.364964
105_3.tif,106_4.tif,0,0.270073
105_3.tif,106_5.tif,0,0.372263
105_3.tif,106_6.tif,0,0.272727
105_3.tif,106_7.tif,0,0.277372
105_3.tif,106_8.tif,0,0.302752
105_3.tif,107_1.tif,0,0.274336
105_3.tif,107_2.tif,0,0.315789
105_3.tif,107_3.tif,0,0.266667
105_3.tif,107_4.tif,0,0.313869
105_3.tif,107_5.tif,0,0.347826
105_3.tif,107_6.tif,0,0.401460
105_3.tif,107_7.tif,0,0.304688
105_3.tif,107_8.tif,0,0.279570
105_3.tif,108_1.tif,0,0.357664
105_3.tif,108_2.tif,0,0.291971
105_3.tif,108_3.tif,0,0.321168
105_3.tif,108_4.tif,0,0.306569
105_3.tif,108_5.tif,0,0.314961
105_3.tif,108_6.tif,0,0.343066
105_3.tif,108_7.tif,0,0.262774
105_3.tif,108_8.tif,0,0.304688
105_3.tif,109_1.tif,0,0.255814
105_3.tif,109_2.tif,0,0.322917
105_3.tif,109_3.tif,0,0.345238
105_3.tif,109_4.tif,0,0.320988
105_3.tif,109_5.tif,0,0.333333
105_3.tif,109_6.tif,0,0.260870
105_3.tif,109_7.tif,0,0.351852
105_3.tif,109_8.tif,0,0.285714
105_3.tif,110_1.tif,0,0.213675
105_3.tif,110_2.tif,0,0.235772
105_3.tif,110_3.tif,0,0.276423
105_3.tif,110_4.tif,0,0.250000
105_3.tif,110_5.tif,0,0.238095
105_3.tif,110_6.tif,0,0.250000
105_3.tif,110_7.tif,0,0.313869
105_3.tif,110_8.tif,0,0.253846
105_4.tif,105_5.tif,1,0.387597
105_4.tif,105_6.tif,1,0.338710
105_4.tif,105_7.tif,1,0.449612
105_4.tif,105_8.tif,1,0.309735
105_4.tif,106_1.tif,0,0.348837
105_4.tif,106_2.tif,0,0.441860
105_4.tif,106_3.tif,0,0.472868
105_4.tif,106_4.tif,0,0.333333
105_4.tif,106_5.tif,0,0.426357
105_4.tif,106_6.tif,0,0.364341
105_4.tif,106_7.tif,0,0.418605
105_4.tif,106_8.tif,0,0.348624
105_4.tif,107_1.tif,0,0.300885
105_4.tif,107_2.tif,0,0.286822
105_4.tif,107_3.tif,0,0.348837
105_4.tif,107_4.tif,0,0.418605
105_4.tif,107_5.tif,0,0.391304
105_4.tif,107_6.tif,0,0.410853
105_4.tif,107_7.tif,0,0.281250
105_4.tif,107_8.tif,0,0.322581
105_4.tif,108_1.tif,0,0.364341
105_4.tif,108_2.tif,0,0.348837
105_4.tif,108_3.tif,0,0.364341
105_4.tif,108_4.tif,0,0.356589
105_4.tif,108_5.tif,0,0.346457
105_4.tif,108_6.tif,0,0.410853
105_4.tif,108_7.tif,0,0.348837
105_4.tif,108_8.tif,0,0.335938
105_4.tif,109_1.tif,0,0.348837
105_4.tif,109_2.tif,0,0.406250
105_4.tif,109_3.tif,0,0.392857
105_4.tif,109_4.tif,0,0.407407
105_4.tif,109_5.tif,0,0.392157
105_4.tif,109_6.tif,0,0.347826
105_4.tif,109_7.tif,0,0.351852
105_4.tif,109_8.tif,0,0.285714
105_4.tif,110_1.tif,0,0.247863
105_4.tif,110_2.tif,0,0.300813
105_4.tif,110_3.tif,0,0.284553
105_4.tif,110_4.tif,0,0.267241
105_4.tif,110_5.tif,0,0.276190
105_4.tif,110_6.tif,0,0.296296
105_4.tif,110_7.tif,0,0.410853
105_4.tif,110_8.tif,0,0.279070
105_5.tif,105_6.tif,1,0.387097
105_5.tif,105_7.tif,1,0.434524
105_5.tif,105_8.tif,1,0.424779
105_5.tif,106_1.tif,0,0.279762
105_5.tif,106_2.tif,0,0.285714
105_5.tif,106_3.tif,0,0.375000
105_5.tif,106_4.tif,0,0.372263
105_5.tif,106_5.tif,0,0.333333
105_5.tif,106_6.tif,0,0.356061
105_5.tif,106_7.tif,0,0.351351
105_5.tif,106_8.tif,0,0.311927
105_5.tif,107_1.tif,0,0.415929
105_5.tif,107_2.tif,0,0.390977
105_5.tif,107_3.tif,0,0.355556
105_5.tif,107_4.tif,0,0.366906
105_5.tif,107_5.tif,0,0.434783
105_5.tif,107_6.tif,0,0.386905
105_5.tif,107_7.tif,0,0.312500
105_5.tif,107_8.tif,0,0.279570
105_5.tif,108_1.tif,0,0.392405
105_5.tif,108_2.tif,0,0.426573
105_5.tif,108_3.tif,0,0.367347
105_5.tif,108_4.tif,0,0.404255
105_5.tif,108_5.tif,0,0.401575
105_5.tif,108_6.tif,0,0.375000
105_5.tif,108_7.tif,0,0.388889
105_5.tif,108_8.tif,0,0.382812
105_5.tif,109_1.tif,0,0.337209
105_5.tif,109_2.tif,0,0.385417
105_5.tif,109_3.tif,0,0.440476
105_5.tif,109_4.tif,0,0.382716
105_5.tif,109_5.tif,0,0.460784
105_5.tif,109_6.tif,0,0.318841
105_5.tif,109_7.tif,0,0.388889
105_5.tif,109_8.tif,0,0.357143
105_5.tif,110_1.tif,0,0.307692
105_5.tif,110_2.tif,0,0.308943
105_5.tif,110_3.tif,0,0.235772
105_5.tif,110_4.tif,0,0.344828
105_5.tif,110_5.tif,0,0.314286
105_5.tif,110_6.tif,0,0.333333
105_5.tif,110_7.tif,0,0.314815
105_5.tif,110_8.tif,0,0.376923
105_6.tif,105_7.tif,1,0.483871
105_6.tif,105_8.tif,1,0.362832
105_6.tif,106_1.tif,0,0.362903
105_6.tif,106_2.tif,0,0.403226
105_6.tif,106_3.tif,0,0.435484
105_6.tif,106_4.tif,0,0.395161
105_6.tif,106_5.tif,0,0.411290
105_6.tif,106_6.tif,0,0.330645
105_6.tif,106_7.tif,0,0.370968
105_6.tif,106_8.tif,0,0.321101
105_6.tif,107_1.tif,0,0.345133
105_6.tif,107_2.tif,0,0.322581
105_6.tif,107_3.tif,0,0.362903
105_6.tif,107_4.tif,0,0.379032
105_6.tif,107_5.tif,0,0.408696
105_6.tif,107_6.tif,0,0.387097
105_6.tif,107_7.tif,0,0.250000
105_6.tif,107_8.tif,0,0.247312
105_6.tif,108_1.tif,0,0.427419
105_6.tif,108_2.tif,0,0.427419
105_6.tif,108_3.tif,0,0.362903
105_6.tif,108_4.tif,0,0.379032
105_6.tif,108_5.tif,0,0.354839
105_6.tif,108_6.tif,0,0.451613
105_6.tif,108_7.tif,0,0.346774
105_6.tif,108_8.tif,0,0.298387
105_6.tif,109_1.tif,0,0.267442
105_6.tif,109_2.tif,0,0.354167
105_6.tif,109_3.tif,0,0.357143
105_6.tif,109_4.tif,0,0.395062
105_6.tif,109_5.tif,0,0.441176
105_6.tif,109_6.tif,0,0.391304
105_6.tif,109_7.tif,0,0.296296
105_6.tif,109_8.tif,0,0.306122
105_6.tif,110_1.tif,0,0.264957
105_6.tif,110_2.tif,0,0.276423
105_6.tif,110_3.tif,0,0.219512
105_6.tif,110_4.tif,0,0.250000
105_6.tif,110_5.tif,0,0.323810
105_6.tif,110_6.tif,0,0.398148
105_6.tif,110_7.tif,0,0.379032
105_6.tif,110_8.tif,0,0.282258
105_7.tif,105_8.tif,1,0.469027
105_7.tif,106_1.tif,0,0.345029
105_7.tif,106_2.tif,0,0.356322
105_7.tif,106_3.tif,0,0.361257
105_7.tif,106_4.tif,0,0.445255
105_7.tif,106_5.tif,0,0.368715
105_7.tif,106_6.tif,0,0.378788
105_7.tif,106_7.tif,0,0.378378
105_7.tif,106_8.tif,0,0.412844
105_7.tif,107_1.tif,0,0.415929
105_7.tif,107_2.tif,0,0.375940
105_7.tif,107_3.tif,0,0.422222
105_7.tif,107_4.tif,0,0.424460
105_7.tif,107_5.tif,0,0.513043
105_7.tif,107_6.tif,0,0.366492
105_7.tif,107_7.tif,0,0.414062
105_7.tif,107_8.tif,0,0.290323
105_7.tif,108_1.tif,0,0.424051
105_7.tif,108_2.tif,0,0.426573
105_7.tif,108_3.tif,0,0.421769
105_7.tif,108_4.tif,0,0.489362
105_7.tif,108_5.tif,0,0.440945
105_7.tif,108_6.tif,0,0.375691
105_7.tif,108_7.tif,0,0.423611
105_7.tif,108_8.tif,0,0.406250
105_7.tif,109_1.tif,0,0.383721
105_7.tif,109_2.tif,0,0.416667
105_7.tif,109_3.tif,0,0.488095
105_7.tif,109_4.tif,0,0.407407
105_7.tif,109_5.tif,0,0.490196
105_7.tif,109_6.tif,0,0.405797
105_7.tif,109_7.tif,0,0.481481
105_7.tif,109_8.tif,0,0.367347
105_7.tif,110_1.tif,0,0.350427
105_7.tif,110_2.tif,0,0.365854
105_7.tif,110_3.tif,0,0.300813
105_7.tif,110_4.tif,0,0.327586
105_7.tif,110_5.tif,0,0.438095
105_7.tif,110_6.tif,0,0.379630
105_7.tif,110_7.tif,0,0.345679
105_7.tif,110_8.tif,0,0.353846
105_8.tif,106_1.tif,0,0.353982
105_8.tif,106_2.tif,0,0.345133
105_8.tif,106_3.tif,0,0.433628
105_8.tif,106_4.tif,0,0.353982
105_8.tif,106_5.tif,0,0.380531
105_8.tif,106_6.tif,0,0.336283
105_8.tif,106_7.tif,0,0.345133
105_8.tif,106_8.tif,0,0.266055
105_8.tif,107_1.tif,0,0.256637
105_8.tif,107_2.tif,0,0.274336
105_8.tif,107_3.tif,0,0.336283
105_8.tif,107_4.tif,0,0.380531
105_8.tif,107_5.tif,0,0.318584
105_8.tif,107_6.tif,0,0.442478
105_8.tif,107_7.tif,0,0.336283
105_8.tif,107_8.tif,0,0.225806
105_8.tif,108_1.tif,0,0.336283
105_8.tif,108_2.tif,0,0.327434
105_8.tif,108_3.tif,0,0.389381
105_8.tif,108_4.tif,0,0.345133
105_8.tif,108_5.tif,0,0.283186
105_8.tif,108_6.tif,0,0.353982
105_8.tif,108_7.tif,0,0.318584
105_8.tif,108_8.tif,0,0.309735
105_8.tif,109_1.tif,0,0.267442
105_8.tif,109_2.tif,0,0.270833
105_8.tif,109_3.tif,0,0.285714
105_8.tif,109_4.tif,0,0.283951
105_8.tif,109_5.tif,0,0.323529
105_8.tif,109_6.tif,0,0.289855
105_8.tif,109_7.tif,0,0.287037
105_8.tif,109_8.tif,0,0.275510
105_8.tif,110_1.tif,0,0.238938
105_8.tif,110_2.tif,0,0.256637
105_8.tif,110_3.tif,0,0.247788
105_8.tif,110_4.tif,0,0.265487
105_8.tif,110_5.tif,0,0.257143
105_8.tif,110_6.tif,0,0.314815
105_8.tif,110_7.tif,0,0.345133
105_8.tif,110_8.tif,0,0.265487
106_1.tif,106_2.tif,1,0.444444
106_1.tif,106_3.tif,1,0.421053
106_1.tif,106_4.tif,1,0.401460
106_1.tif,106_5.tif,1,0.368421
106_1.tif,106_6.tif,1,0.356061
106_1.tif,106_7.tif,1,0.445946
106_1.tif,106_8.tif,1,0.458716
106_1.tif,107_1.tif,0,0.353982
106_1.tif,107_2.tif,0,0.353383
106_1.tif,107_3.tif,0,0.370370
106_1.tif,107_4.tif,0,0.316547
106_1.tif,107_5.tif,0,0.400000
106_1.tif,107_6.tif,0,0.426901
106_1.tif,107_7.tif,0,0.343750
106_1.tif,107_8.tif,0,0.279570
106_1.tif,108_1.tif,0,0.341772
106_1.tif,108_2.tif,0,0.356643
106_1.tif,108_3.tif,0,0.299320
106_1.tif,108_4.tif,0,0.319149
106_1.tif,108_5.tif,0,0.354331
106_1.tif,108_6.tif,0,0.333333
106_1.tif,108_7.tif,0,0.319444
106_1.tif,108_8.tif,0,0.320312
106_1.tif,109_1.tif,0,0.337209
106_1.tif,109_2.tif,0,0.416667
106_1.tif,109_3.tif,0,0.333333
106_1.tif,109_4.tif,0,0.382716
106_1.tif,109_5.tif,0,0.343137
106_1.tif,109_6.tif,0,0.405797
106_1.tif,109_7.tif,0,0.379630
106_1.tif,109_8.tif,0,0.285714
106_1.tif,110_1.tif,0,0.427350
106_1.tif,110_2.tif,0,0.390244
106_1.tif,110_3.tif,0,0.341463
106_1.tif,110_4.tif,0,0.422414
106_1.tif,110_5.tif,0,0.295238
106_1.tif,110_6.tif,0,0.453704
106_1.tif,110_7.tif,0,0.364198
106_1.tif,110_8.tif,0,0.376923
106_2.tif,106_3.tif,1,0.431034
106_2.tif,106_4.tif,1,0.408759
106_2.tif,106_5.tif,1,0.367816
106_2.tif,106_6.tif,1,0.363636
106_2.tif,106_7.tif,1,0.452703
106_2.tif,106_8.tif,1,0.458716
106_2.tif,107_1.tif,0,0.380531
106_2.tif,107_2.tif,0,0.345865
106_2.tif,107_3.tif,0,0.400000
106_2.tif,107_4.tif,0,0.366906
106_2.tif,107_5.tif,0,0.426087
106_2.tif,107_6.tif,0,0.373563
106_2.tif,107_7.tif,0,0.351562
106_2.tif,107_8.tif,0,0.258065
106_2.tif,108_1.tif,0,0.335443
106_2.tif,108_2.tif,0,0.356643
106_2.tif,108_3.tif,0,0.360544
106_2.tif,108_4.tif,0,0.340426
106_2.tif,108_5.tif,0,0.322835
106_2.tif,108_6.tif,0,0.367816
106_2.tif,108_7.tif,0,0.361111
106_2.tif,108_8.tif,0,0.335938
106_2.tif,109_1.tif,0,0.313953
106_2.tif,109_2.tif,0,0.416667
106_2.tif,109_3.tif,0,0.369048
106_2.tif,109_4.tif,0,0.419753
106_2.tif,109_5.tif,0,0.362745
106_2.tif,109_6.tif,0,0.347826
106_2.tif,109_7.tif,0,0.379630
106_2.tif,109_8.tif,0,0.326531
106_2.tif,110_1.tif,0,0.418803
106_2.tif,110_2.tif,0,0.349593
106_2.tif,110_3.tif,0,0.349593
106_2.tif,110_4.tif,0,0.387931
106_2.tif,110_5.tif,0,0.304762
106_2.tif,110_6.tif,0,0.388889
106_2.tif,110_7.tif,0,0.351852
106_2.tif,110_8.tif,0,0.323077
106_3.tif,106_4.tif,1,0.467153
106_3.tif,106_5.tif,1,0.435754
106_3.tif,106_6.tif,1,0.416667
106_3.tif,106_7.tif,1,0.452703
106_3.tif,106_8.tif,1,0.412844
106_3.tif,107_1.tif,0,0.398230
106_3.tif,107_2.tif,0,0.383459
106_3.tif,107_3.tif,0,0.451852
106_3.tif,107_4.tif,0,0.410072
106_3.tif,107_5.tif,0,0.547826
106_3.tif,107_6.tif,0,0.457286
106_3.tif,107_7.tif,0,0.421875
106_3.tif,107_8.tif,0,0.258065
106_3.tif,108_1.tif,0,0.417722
106_3.tif,108_2.tif,0,0.433566
106_3.tif,108_3.tif,0,0.408163
106_3.tif,108_4.tif,0,0.439716
106_3.tif,108_5.tif,0,0.370079
106_3.tif,108_6.tif,0,0.392265
106_3.tif,108_7.tif,0,0.402778
106_3.tif,108_8.tif,0,0.421875
106_3.tif,109_1.tif,0,0.383721
106_3.tif,109_2.tif,0,0.458333
106_3.tif,109_3.tif,0,0.416667
106_3.tif,109_4.tif,0,0.432099
106_3.tif,109_5.tif,0,0.470588
106_3.tif,109_6.tif,0,0.420290
106_3.tif,109_7.tif,0,0.462963
106_3.tif,109_8.tif,0,0.357143
106_3.tif,110_1.tif,0,0.393162
106_3.tif,110_2.tif,0,0.365854
106_3.tif,110_3.tif,0,0.325203
106_3.tif,110_4.tif,0,0.405172
106_3.tif,110_5.tif,0,0.342857
106_3.tif,110_6.tif,0,0.407407
106_3.tif,110_7.tif,0,0.432099
106_3.tif,110_8.tif,0,0.400000
106_4.tif,106_5.tif,1,0.437956
106_4.tif,106_6.tif,1,0.333333
106_4.tif,106_7.tif,1,0.386861
106_4.tif,106_8.tif,1,0.348624
106_4.tif,107_1.tif,0,0.371681
106_4.tif,107_2.tif,0,0.368421
106_4.tif,107_3.tif,0,0.377778
106_4.tif,107_4.tif,0,0.335766
106_4.tif,107_5.tif,0,0.469565
106_4.tif,107_6.tif,0,0.496350
106_4.tif,107_7.tif,0,0.351562
106_4.tif,107_8.tif,0,0.247312
106_4.tif,108_1.tif,0,0.364964
106_4.tif,108_2.tif,0,0.408759
106_4.tif,108_3.tif,0,0.386861
106_4.tif,108_4.tif,0,0.394161
106_4.tif,108_5.tif,0,0.377953
106_4.tif,108_6.tif,0,0.416058
106_4.tif,108_7.tif,0,0.394161
106_4.tif,108_8.tif,0,0.328125
106_4.tif,109_1.tif,0,0.360465
106_4.tif,109_2.tif,0,0.427083
106_4.tif,109_3.tif,0,0.369048
106_4.tif,109_4.tif,0,0.432099
106_4.tif,109_5.tif,0,0.401961
106_4.tif,109_6.tif,0,0.304348
106_4.tif,109_7.tif,0,0.416667
106_4.tif,109_8.tif,0,0.316327
106_4.tif,110_1.tif,0,0.358974
106_4.tif,110_2.tif,0,0.349593
106_4.tif,110_3.tif,0,0.260163
106_4.tif,110_4.tif,0,0.310345
106_4.tif,110_5.tif,0,0.352381
106_4.tif,110_6.tif,0,0.333333
106_4.tif,110_7.tif,0,0.416058
106_4.tif,110_8.tif,0,0.338462
106_5.tif,106_6.tif,1,0.484848
106_5.tif,106_7.tif,1,0.398649
106_5.tif,106_8.tif,1,0.403670
106_5.tif,107_1.tif,0,0.389381
106_5.tif,107_2.tif,0,0.413534
106_5.tif,107_3.tif,0,0.407407
106_5.tif,107_4.tif,0,0.424460
106_5.tif,107_5.tif,0,0.504348
106_5.tif,107_6.tif,0,0.391061
106_5.tif,107_7.tif,0,0.382812
106_5.tif,107_8.tif,0,0.290323
106_5.tif,108_1.tif,0,0.392405
106_5.tif,108_2.tif,0,0.447552
106_5.tif,108_3.tif,0,0.387755
106_5.tif,108_4.tif,0,0.418440
106_5.tif,108_5.tif,0,0.401575
106_5.tif,108_6.tif,0,0.402235
106_5.tif,108_7.tif,0,0.423611
106_5.tif,108_8.tif,0,0.429688
106_5.tif,109_1.tif,0,0.383721
106_5.tif,109_2.tif,0,0.395833
106_5.tif,109_3.tif,0,0.404762
106_5.tif,109_4.tif,0,0.395062
106_5.tif,109_5.tif,0,0.401961
106_5.tif,109_6.tif,0,0.318841
106_5.tif,109_7.tif,0,0.398148
106_5.tif,109_8.tif,0,0.326531
106_5.tif,110_1.tif,0,0.410256
106_5.tif,110_2.tif,0,0.382114
106_5.tif,110_3.tif,0,0.333333
106_5.tif,110_4.tif,0,0.362069
106_5.tif,110_5.tif,0,0.361905
106_5.tif,110_6.tif,0,0.398148
106_5.tif,110_7.tif,0,0.382716
106_5.tif,110_8.tif,0,0.384615
106_6.tif,106_7.tif,1,0.363636
106_6.tif,106_8.tif,1,0.330275
106_6.tif,107_1.tif,0,0.318584
106_6.tif,107_2.tif,0,0.318182
106_6.tif,107_3.tif,0,0.348485
106_6.tif,107_4.tif,0,0.409091
106_6.tif,107_5.tif,0,0.417391
106_6.tif,107_6.tif,0,0.439394
106_6.tif,107_7.tif,0,0.265625
106_6.tif,107_8.tif,0,0.236559
106_6.tif,108_1.tif,0,0.363636
106_6.tif,108_2.tif,0,0.393939
106_6.tif,108_3.tif,0,0.340909
106_6.tif,108_4.tif,0,0.348485
106_6.tif,108_5.tif,0,0.362205
106_6.tif,108_6.tif,0,0.454545
106_6.tif,108_7.tif,0,0.325758
106_6.tif,108_8.tif,0,0.304688
106_6.tif,109_1.tif,0,0.290698
106_6.tif,109_2.tif,0,0.333333
106_6.tif,109_3.tif,0,0.333333
106_6.tif,109_4.tif,0,0.308642
106_6.tif,109_5.tif,0,0.372549
106_6.tif,109_6.tif,0,0.347826
106_6.tif,109_7.tif,0,0.333333
106_6.tif,109_8.tif,0,0.306122
106_6.tif,110_1.tif,0,0.282051
106_6.tif,110_2.tif,0,0.268293
106_6.tif,110_3.tif,0,0.308943
106_6.tif,110_4.tif,0,0.284483
106_6.tif,110_5.tif,0,0.276190
106_6.tif,110_6.tif,0,0.333333
106_6.tif,110_7.tif,0,0.356061
106_6.tif,110_8.tif,0,0.307692
106_7.tif,106_8.tif,1,0.422018
106_7.tif,107_1.tif,0,0.336283
106_7.tif,107_2.tif,0,0.315789
106_7.tif,107_3.tif,0,0.385185
106_7.tif,107_4.tif,0,0.338129
106_7.tif,107_5.tif,0,0.443478
106_7.tif,107_6.tif,0,0.432432
106_7.tif,107_7.tif,0,0.296875
106_7.tif,107_8.tif,0,0.279570
106_7.tif,108_1.tif,0,0.358108
106_7.tif,108_2.tif,0,0.363636
106_7.tif,108_3.tif,0,0.326531
106_7.tif,108_4.tif,0,0.368794
106_7.tif,108_5.tif,0,0.346457
106_7.tif,108_6.tif,0,0.412162
106_7.tif,108_7.tif,0,0.305556
106_7.tif,108_8.tif,0,0.312500
106_7.tif,109_1.tif,0,0.348837
106_7.tif,109_2.tif,0,0.395833
106_7.tif,109_3.tif,0,0.380952
106_7.tif,109_4.tif,0,0.358025
106_7.tif,109_5.tif,0,0.401961
106_7.tif,109_6.tif,0,0.347826
106_7.tif,109_7.tif,0,0.398148
106_7.tif,109_8.tif,0,0.326531
106_7.tif,110_1.tif,0,0.350427
106_7.tif,110_2.tif,0,0.349593
106_7.tif,110_3.tif,0,0.300813
106_7.tif,110_4.tif,0,0.327586
106_7.tif,110_5.tif,0,0.276190
106_7.tif,110_6.tif,0,0.398148
106_7.tif,110_7.tif,0,0.344595
106_7.tif,110_8.tif,0,0.315385
106_8.tif,107_1.tif,0,0.293578
106_8.tif,107_2.tif,0,0.266055
106_8.tif,107_3.tif,0,0.321101
106_8.tif,107_4.tif,0,0.321101
106_8.tif,107_5.tif,0,0.339450
106_8.tif,107_6.tif,0,0.385321
106_8.tif,107_7.tif,0,0.256881
106_8.tif,107_8.tif,0,0.215054
106_8.tif,108_1.tif,0,0.376147
106_8.tif,108_2.tif,0,0.376147
106_8.tif,108_3.tif,0,0.339450
106_8.tif,108_4.tif,0,0.339450
106_8.tif,108_5.tif,0,0.284404
106_8.tif,108_6.tif,0,0.403670
106_8.tif,108_7.tif,0,0.302752
106_8.tif,108_8.tif,0,0.284404
106_8.tif,109_1.tif,0,0.279070
106_8.tif,109_2.tif,0,0.270833
106_8.tif,109_3.tif,0,0.297619
106_8.tif,109_4.tif,0,0.283951
106_8.tif,109_5.tif,0,0.294118
106_8.tif,109_6.tif,0,0.304348
106_8.tif,109_7.tif,0,0.314815
106_8.tif,109_8.tif,0,0.244898
106_8.tif,110_1.tif,0,0.302752
106_8.tif,110_2.tif,0,0.321101
106_8.tif,110_3.tif,0,0.266055
106_8.tif,110_4.tif,0,0.275229
106_8.tif,110_5.tif,0,0.219048
106_8.tif,110_6.tif,0,0.277778
106_8.tif,110_7.tif,0,0.366972
106_8.tif,110_8.tif,0,0.256881
107_1.tif,107_2.tif,1,0.362832
107_1.tif,107_3.tif,1,0.353982
107_1.tif,107_4.tif,1,0.362832
107_1.tif,107_5.tif,1,0.336283
107_1.tif,107_6.tif,1,0.371681
107_1.tif,107_7.tif,1,0.265487
107_1.tif,107_8.tif,1,0.333333
107_1.tif,108_1.tif,0,0.389381
107_1.tif,108_2.tif,0,0.345133
107_1.tif,108_3.tif,0,0.371681
107_1.tif,108_4.tif,0,0.353982
107_1.tif,108_5.tif,0,0.318584
107_1.tif,108_6.tif,0,0.362832
107_1.tif,108_7.tif,0,0.345133
107_1.tif,108_8.tif,0,0.353982
107_1.tif,109_1.tif,0,0.337209
107_1.tif,109_2.tif,0,0.354167
107_1.tif,109_3.tif,0,0.309524
107_1.tif,109_4.tif,0,0.370370
107_1.tif,109_5.tif,0,0.343137
107_1.tif,109_6.tif,0,0.246377
107_1.tif,109_7.tif,0,0.305556
107_1.tif,109_8.tif,0,0.357143
107_1.tif,110_1.tif,0,0.265487
107_1.tif,110_2.tif,0,0.274336
107_1.tif,110_3.tif,0,0.247788
107_1.tif,110_4.tif,0,0.247788
107_1.tif,110_5.tif,0,0.257143
107_1.tif,110_6.tif,0,0.314815
107_1.tif,110_7.tif,0,0.362832
107_1.tif,110_8.tif,0,0.274336
107_2.tif,107_3.tif,1,0.421053
107_2.tif,107_4.tif,1,0.390977
107_2.tif,107_5.tif,1,0.365217
107_2.tif,107_6.tif,1,0.398496
107_2.tif,107_7.tif,1,0.320312
107_2.tif,107_8.tif,1,0.279570
107_2.tif,108_1.tif,0,0.390977
107_2.tif,108_2.tif,0,0.345865
107_2.tif,108_3.tif,0,0.390977
107_2.tif,108_4.tif,0,0.308271
107_2.tif,108_5.tif,0,0.307087
107_2.tif,108_6.tif,0,0.368421
107_2.tif,108_7.tif,0,0.293233
107_2.tif,108_8.tif,0,0.281250
107_2.tif,109_1.tif,0,0.348837
107_2.tif,109_2.tif,0,0.385417
107_2.tif,109_3.tif,0,0.392857
107_2.tif,109_4.tif,0,0.382716
107_2.tif,109_5.tif,0,0.352941
107_2.tif,109_6.tif,0,0.231884
107_2.tif,109_7.tif,0,0.370370
107_2.tif,109_8.tif,0,0.295918
107_2.tif,110_1.tif,0,0.256410
107_2.tif,110_2.tif,0,0.308943
107_2.tif,110_3.tif,0,0.260163
107_2.tif,110_4.tif,0,0.232759
107_2.tif,110_5.tif,0,0.304762
107_2.tif,110_6.tif,0,0.268519
107_2.tif,110_7.tif,0,0.308271
107_2.tif,110_8.tif,0,0.284615
107_3.tif,107_4.tif,1,0.385185
107_3.tif,107_5.tif,1,0.443478
107_3.tif,107_6.tif,1,0.414815
107_3.tif,107_7.tif,1,0.335938
107_3.tif,107_8.tif,1,0.301075
107_3.tif,108_1.tif,0,0.348148
107_3.tif,108_2.tif,0,0.370370
107_3.tif,108_3.tif,0,0.333333
107_3.tif,108_4.tif,0,0.392593
107_3.tif,108_5.tif,0,0.314961
107_3.tif,108_6.tif,0,0.362963
107_3.tif,108_7.tif,0,0.318519
107_3.tif,108_8.tif,0,0.289062
107_3.tif,109_1.tif,0,0.337209
107_3.tif,109_2.tif,0,0.375000
107_3.tif,109_3.tif,0,0.357143
107_3.tif,109_4.tif,0,0.370370
107_3.tif,109_5.tif,0,0.421569
107_3.tif,109_6.tif,0,0.304348
107_3.tif,109_7.tif,0,0.398148
107_3.tif,109_8.tif,0,0.326531
107_3.tif,110_1.tif,0,0.299145
107_3.tif,110_2.tif,0,0.341463
107_3.tif,110_3.tif,0,0.284553
107_3.tif,110_4.tif,0,0.258621
107_3.tif,110_5.tif,0,0.276190
107_3.tif,110_6.tif,0,0.314815
107_3.tif,110_7.tif,0,0.370370
107_3.tif,110_8.tif,0,0.261538
107_4.tif,107_5.tif,1,0.460870
107_4.tif,107_6.tif,1,0.417266
107_4.tif,107_7.tif,1,0.296875
107_4.tif,107_8.tif,1,0.290323
107_4.tif,108_1.tif,0,0.330935
107_4.tif,108_2.tif,0,0.395683
107_4.tif,108_3.tif,0,0.424460
107_4.tif,108_4.tif,0,0.352518
107_4.tif,108_5.tif,0,0.370079
107_4.tif,108_6.tif,0,0.395683
107_4.tif,108_7.tif,0,0.352518
107_4.tif,108_8.tif,0,0.328125
107_4.tif,109_1.tif,0,0.348837
107_4.tif,109_2.tif,0,0.354167
107_4.tif,109_3.tif,0,0.369048
107_4.tif,109_4.tif,0,0.407407
107_4.tif,109_5.tif,0,0.450980
107_4.tif,109_6.tif,0,0.362319
107_4.tif,109_7.tif,0,0.388889
107_4.tif,109_8.tif,0,0.316327
107_4.tif,110_1.tif,0,0.290598
107_4.tif,110_2.tif,0,0.260163
107_4.tif,110_3.tif,0,0.243902
107_4.tif,110_4.tif,0,0.293103
107_4.tif,110_5.tif,0,0.333333
107_4.tif,110_6.tif,0,0.305556
107_4.tif,110_7.tif,0,0.359712
107_4.tif,110_8.tif,0,0.284615
107_5.tif,107_6.tif,1,0.504348
107_5.tif,107_7.tif,1,0.330435
107_5.tif,107_8.tif,1,0.247312
107_5.tif,108_1.tif,0,0.417391
107_5.tif,108_2.tif,0,0.469565
107_5.tif,108_3.tif,0,0.443478
107_5.tif,108_4.tif,0,0.469565
107_5.tif,108_5.tif,0,0.382609
107_5.tif,108_6.tif,0,0.504348
107_5.tif,108_7.tif,0,0.391304
107_5.tif,108_8.tif,0,0.373913
107_5.tif,109_1.tif,0,0.372093
107_5.tif,109_2.tif,0,0.395833
107_5.tif,109_3.tif,0,0.380952
107_5.tif,109_4.tif,0,0.444444
107_5.tif,109_5.tif,0,0.392157
107_5.tif,109_6.tif,0,0.304348
107_5.tif,109_7.tif,0,0.425926
107_5.tif,109_8.tif,0,0.306122
107_5.tif,110_1.tif,0,0.278261
107_5.tif,110_2.tif,0,0.313043
107_5.tif,110_3.tif,0,0.295652
107_5.tif,110_4.tif,0,0.313043
107_5.tif,110_5.tif,0,0.314286
107_5.tif,110_6.tif,0,0.277778
107_5.tif,110_7.tif,0,0.400000
107_5.tif,110_8.tif,0,0.313043
107_6.tif,107_7.tif,1,0.414062
107_6.tif,107_8.tif,1,0.236559
107_6.tif,108_1.tif,0,0.411392
107_6.tif,108_2.tif,0,0.475524
107_6.tif,108_3.tif,0,0.414966
107_6.tif,108_4.tif,0,0.411348
107_6.tif,108_5.tif,0,0.456693
107_6.tif,108_6.tif,0,0.381215
107_6.tif,108_7.tif,0,0.381944
107_6.tif,108_8.tif,0,0.390625
107_6.tif,109_1.tif,0,0.360465
107_6.tif,109_2.tif,0,0.458333
107_6.tif,109_3.tif,0,0.392857
107_6.tif,109_4.tif,0,0.469136
107_6.tif,109_5.tif,0,0.441176
107_6.tif,109_6.tif,0,0.318841
107_6.tif,109_7.tif,0,0.453704
107_6.tif,109_8.tif,0,0.316327
107_6.tif,110_1.tif,0,0.418803
107_6.tif,110_2.tif,0,0.373984
107_6.tif,110_3.tif,0,0.357724
107_6.tif,110_4.tif,0,0.439655
107_6.tif,110_5.tif,0,0.342857
107_6.tif,110_6.tif,0,0.388889
107_6.tif,110_7.tif,0,0.413580
107_6.tif,110_8.tif,0,0.438462
107_7.tif,107_8.tif,1,0.204301
107_7.tif,108_1.tif,0,0.343750
107_7.tif,108_2.tif,0,0.320312
107_7.tif,108_3.tif,0,0.351562
107_7.tif,108_4.tif,0,0.351562
107_7.tif,108_5.tif,0,0.299213
107_7.tif,108_6.tif,0,0.390625
107_7.tif,108_7.tif,0,0.335938
107_7.tif,108_8.tif,0,0.320312
107_7.tif,109_1.tif,0,0.279070
107_7.tif,109_2.tif,0,0.364583
107_7.tif,109_3.tif,0,0.297619
107_7.tif,109_4.tif,0,0.283951
107_7.tif,109_5.tif,0,0.352941
107_7.tif,109_6.tif,0,0.217391
107_7.tif,109_7.tif,0,0.296296
107_7.tif,109_8.tif,0,0.244898
107_7.tif,110_1.tif,0,0.213675
107_7.tif,110_2.tif,0,0.243902
107_7.tif,110_3.tif,0,0.227642
107_7.tif,110_4.tif,0,0.344828
107_7.tif,110_5.tif,0,0.266667
107_7.tif,110_6.tif,0,0.287037
107_7.tif,110_7.tif,0,0.343750
107_7.tif,110_8.tif,0,0.273438
107_8.tif,108_1.tif,0,0.258065
107_8.tif,108_2.tif,0,0.225806
107_8.tif,108_3.tif,0,0.301075
107_8.tif,108_4.tif,0,0.258065
107_8.tif,108_5.tif,0,0.204301
107_8.tif,108_6.tif,0,0.279570
107_8.tif,108_7.tif,0,0.247312
107_8.tif,108_8.tif,0,0.204301
107_8.tif,109_1.tif,0,0.220930
107_8.tif,109_2.tif,0,0.204301
107_8.tif,109_3.tif,0,0.297619
107_8.tif,109_4.tif,0,0.271605
107_8.tif,109_5.tif,0,0.225806
107_8.tif,109_6.tif,0,0.144928
107_8.tif,109_7.tif,0,0.193548
107_8.tif,109_8.tif,0,0.301075
107_8.tif,110_1.tif,0,0.258065
107_8.tif,110_2.tif,0,0.204301
107_8.tif,110_3.tif,0,0.215054
107_8.tif,110_4.tif,0,0.193548
107_8.tif,110_5.tif,0,0.193548
107_8.tif,110_6.tif,0,0.182796
107_8.tif,110_7.tif,0,0.236559
107_8.tif,110_8.tif,0,0.215054
108_1.tif,108_2.tif,1,0.398601
108_1.tif,108_3.tif,1,0.387755
108_1.tif,108_4.tif,1,0.382979
108_1.tif,108_5.tif,1,0.393701
108_1.tif,108_6.tif,1,0.405063
108_1.tif,108_7.tif,1,0.354167
108_1.tif,108_8.tif,1,0.398438
108_1.tif,109_1.tif,0,0.348837
108_1.tif,109_2.tif,0,0.395833
108_1.tif,109_3.tif,0,0.369048
108_1.tif,109_4.tif,0,0.469136
108_1.tif,109_5.tif,0,0.431373
108_1.tif,109_6.tif,0,0.304348
108_1.tif,109_7.tif,0,0.435185
108_1.tif,109_8.tif,0,0.377551
108_1.tif,110_1.tif,0,0.350427
108_1.tif,110_2.tif,0,0.333333
108_1.tif,110_3.tif,0,0.300813
108_1.tif,110_4.tif,0,0.336207
108_1.tif,110_5.tif,0,0.323810
108_1.tif,110_6.tif,0,0.351852
108_1.tif,110_7.tif,0,0.303797
108_1.tif,110_8.tif,0,0.323077
108_2.tif,108_3.tif,1,0.440559
108_2.tif,108_4.tif,1,0.382979
108_2.tif,108_5.tif,1,0.385827
108_2.tif,108_6.tif,1,0.475524
108_2.tif,108_7.tif,1,0.370629
108_2.tif,108_8.tif,1,0.421875
108_2.tif,109_1.tif,0,0.383721
108_2.tif,109_2.tif,0,0.406250
108_2.tif,109_3.tif,0,0.380952
108_2.tif,109_4.tif,0,0.419753
108_2.tif,109_5.tif,0,0.421569
108_2.tif,109_6.tif,0,0.347826
108_2.tif,109_7.tif,0,0.444444
108_2.tif,109_8.tif,0,0.306122
108_2.tif,110_1.tif,0,0.256410
108_2.tif,110_2.tif,0,0.300813
108_2.tif,110_3.tif,0,0.235772
108_2.tif,110_4.tif,0,0.327586
108_2.tif,110_5.tif,0,0.304762
108_2.tif,110_6.tif,0,0.379630
108_2.tif,110_7.tif,0,0.398601
108_2.tif,110_8.tif,0,0.338462
108_3.tif,108_4.tif,1,0.397163
108_3.tif,108_5.tif,1,0.377953
108_3.tif,108_6.tif,1,0.414966
108_3.tif,108_7.tif,1,0.381944
108_3.tif,108_8.tif,1,0.398438
108_3.tif,109_1.tif,0,0.383721
108_3.tif,109_2.tif,0,0.375000
108_3.tif,109_3.tif,0,0.392857
108_3.tif,109_4.tif,0,0.518519
108_3.tif,109_5.tif,0,0.441176
108_3.tif,109_6.tif,0,0.275362
108_3.tif,109_7.tif,0,0.435185
108_3.tif,109_8.tif,0,0.367347
108_3.tif,110_1.tif,0,0.282051
108_3.tif,110_2.tif,0,0.276423
108_3.tif,110_3.tif,0,0.292683
108_3.tif,110_4.tif,0,0.293103
108_3.tif,110_5.tif,0,0.333333
108_3.tif,110_6.tif,0,0.314815
108_3.tif,110_7.tif,0,0.306122
108_3.tif,110_8.tif,0,0.330769
108_4.tif,108_5.tif,1,0.370079
108_4.tif,108_6.tif,1,0.425532
108_4.tif,108_7.tif,1,0.397163
108_4.tif,108_8.tif,1,0.414062
108_4.tif,109_1.tif,0,0.302326
108_4.tif,109_2.tif,0,0.406250
108_4.tif,109_3.tif,0,0.357143
108_4.tif,109_4.tif,0,0.407407
108_4.tif,109_5.tif,0,0.411765
108_4.tif,109_6.tif,0,0.289855
108_4.tif,109_7.tif,0,0.416667
108_4.tif,109_8.tif,0,0.316327
108_4.tif,110_1.tif,0,0.299145
108_4.tif,110_2.tif,0,0.317073
108_4.tif,110_3.tif,0,0.276423
108_4.tif,110_4.tif,0,0.344828
108_4.tif,110_5.tif,0,0.342857
108_4.tif,110_6.tif,0,0.296296
108_4.tif,110_7.tif,0,0.340426
108_4.tif,110_8.tif,0,0.292308
108_5.tif,108_6.tif,1,0.377953
108_5.tif,108_7.tif,1,0.330709
108_5.tif,108_8.tif,1,0.322835
108_5.tif,109_1.tif,0,0.232558
108_5.tif,109_2.tif,0,0.302083
108_5.tif,109_3.tif,0,0.345238
108_5.tif,109_4.tif,0,0.345679
108_5.tif,109_5.tif,0,0.392157
108_5.tif,109_6.tif,0,0.318841
108_5.tif,109_7.tif,0,0.333333
108_5.tif,109_8.tif,0,0.255102
108_5.tif,110_1.tif,0,0.230769
108_5.tif,110_2.tif,0,0.268293
108_5.tif,110_3.tif,0,0.227642
108_5.tif,110_4.tif,0,0.267241
108_5.tif,110_5.tif,0,0.295238
108_5.tif,110_6.tif,0,0.305556
108_5.tif,110_7.tif,0,0.346457
108_5.tif,110_8.tif,0,0.314961
108_6.tif,108_7.tif,1,0.409722
108_6.tif,108_8.tif,1,0.460938
108_6.tif,109_1.tif,0,0.337209
108_6.tif,109_2.tif,0,0.427083
108_6.tif,109_3.tif,0,0.321429
108_6.tif,109_4.tif,0,0.530864
108_6.tif,109_5.tif,0,0.411765
108_6.tif,109_6.tif,0,0.362319
108_6.tif,109_7.tif,0,0.444444
108_6.tif,109_8.tif,0,0.387755
108_6.tif,110_1.tif,0,0.333333
108_6.tif,110_2.tif,0,0.317073
108_6.tif,110_3.tif,0,0.325203
108_6.tif,110_4.tif,0,0.353448
108_6.tif,110_5.tif,0,0.390476
108_6.tif,110_6.tif,0,0.407407
108_6.tif,110_7.tif,0,0.376543
108_6.tif,110_8.tif,0,0.384615
108_7.tif,108_8.tif,1,0.390625
108_7.tif,109_1.tif,0,0.325581
108_7.tif,109_2.tif,0,0.375000
108_7.tif,109_3.tif,0,0.309524
108_7.tif,109_4.tif,0,0.395062
108_7.tif,109_5.tif,0,0.343137
108_7.tif,109_6.tif,0,0.260870
108_7.tif,109_7.tif,0,0.379630
108_7.tif,109_8.tif,0,0.285714
108_7.tif,110_1.tif,0,0.273504
108_7.tif,110_2.tif,0,0.300813
108_7.tif,110_3.tif,0,0.252033
108_7.tif,110_4.tif,0,0.353448
108_7.tif,110_5.tif,0,0.285714
108_7.tif,110_6.tif,0,0.342593
108_7.tif,110_7.tif,0,0.319444
108_7.tif,110_8.tif,0,0.307692
108_8.tif,109_1.tif,0,0.313953
108_8.tif,109_2.tif,0,0.333333
108_8.tif,109_3.tif,0,0.345238
108_8.tif,109_4.tif,0,0.419753
108_8.tif,109_5.tif,0,0.352941
108_8.tif,109_6.tif,0,0.231884
108_8.tif,109_7.tif,0,0.333333
108_8.tif,109_8.tif,0,0.285714
108_8.tif,110_1.tif,0,0.239316
108_8.tif,110_2.tif,0,0.252033
108_8.tif,110_3.tif,0,0.195122
108_8.tif,110_4.tif,0,0.293103
108_8.tif,110_5.tif,0,0.304762
108_8.tif,110_6.tif,0,0.259259
108_8.tif,110_7.tif,0,0.328125
108_8.tif,110_8.tif,0,0.281250
109_1.tif,109_2.tif,1,0.325581
109_1.tif,109_3.tif,1,0.261905
109_1.tif,109_4.tif,1,0.358025
109_1.tif,109_5.tif,1,0.325581
109_1.tif,109_6.tif,1,0.188406
109_1.tif,109_7.tif,1,0.383721
109_1.tif,109_8.tif,1,0.290698
109_1.tif,110_1.tif,0,0.209302
109_1.tif,110_2.tif,0,0.290698
109_1.tif,110_3.tif,0,0.220930
109_1.tif,110_4.tif,0,0.313953
109_1.tif,110_5.tif,0,0.302326
109_1.tif,110_6.tif,0,0.186047
109_1.tif,110_7.tif,0,0.302326
109_1.tif,110_8.tif,0,0.255814
109_2.tif,109_3.tif,1,0.345238
109_2.tif,109_4.tif,1,0.283951
109_2.tif,109_5.tif,1,0.312500
109_2.tif,109_6.tif,1,0.289855
109_2.tif,109_7.tif,1,0.385417
109_2.tif,109_8.tif,1,0.312500
109_2.tif,110_1.tif,0,0.270833
109_2.tif,110_2.tif,0,0.312500
109_2.tif,110_3.tif,0,0.260417
109_2.tif,110_4.tif,0,0.291667
109_2.tif,110_5.tif,0,0.260417
109_2.tif,110_6.tif,0,0.281250
109_2.tif,110_7.tif,0,0.364583
109_2.tif,110_8.tif,0,0.312500
109_3.tif,109_4.tif,1,0.259259
109_3.tif,109_5.tif,1,0.321429
109_3.tif,109_6.tif,1,0.188406
109_3.tif,109_7.tif,1,0.392857
109_3.tif,109_8.tif,1,0.309524
109_3.tif,110_1.tif,0,0.285714
109_3.tif,110_2.tif,0,0.273810
109_3.tif,110_3.tif,0,0.297619
109_3.tif,110_4.tif,0,0.261905
109_3.tif,110_5.tif,0,0.238095
109_3.tif,110_6.tif,0,0.261905
109_3.tif,110_7.tif,0,0.285714
109_3.tif,110_8.tif,0,0.285714
109_4.tif,109_5.tif,1,0.345679
109_4.tif,109_6.tif,1,0.202899
109_4.tif,109_7.tif,1,0.395062
109_4.tif,109_8.tif,1,0.382716
109_4.tif,110_1.tif,0,0.271605
109_4.tif,110_2.tif,0,0.246914
109_4.tif,110_3.tif,0,0.246914
109_4.tif,110_4.tif,0,0.308642
109_4.tif,110_5.tif,0,0.271605
109_4.tif,110_6.tif,0,0.246914
109_4.tif,110_7.tif,0,0.382716
109_4.tif,110_8.tif,0,0.333333
109_5.tif,109_6.tif,1,0.304348
109_5.tif,109_7.tif,1,0.392157
109_5.tif,109_8.tif,1,0.285714
109_5.tif,110_1.tif,0,0.205882
109_5.tif,110_2.tif,0,0.254902
109_5.tif,110_3.tif,0,0.284314
109_5.tif,110_4.tif,0,0.235294
109_5.tif,110_5.tif,0,0.313725
109_5.tif,110_6.tif,0,0.284314
109_5.tif,110_7.tif,0,0.362745
109_5.tif,110_8.tif,0,0.264706
109_6.tif,109_7.tif,1,0.260870
109_6.tif,109_8.tif,1,0.260870
109_6.tif,110_1.tif,0,0.275362
109_6.tif,110_2.tif,0,0.304348
109_6.tif,110_3.tif,0,0.231884
109_6.tif,110_4.tif,0,0.260870
109_6.tif,110_5.tif,0,0.217391
109_6.tif,110_6.tif,0,0.260870
109_6.tif,110_7.tif,0,0.333333
109_6.tif,110_8.tif,0,0.231884
109_7.tif,109_8.tif,1,0.316327
109_7.tif,110_1.tif,0,0.259259
109_7.tif,110_2.tif,0,0.277778
109_7.tif,110_3.tif,0,0.287037
109_7.tif,110_4.tif,0,0.287037
109_7.tif,110_5.tif,0,0.323810
109_7.tif,110_6.tif,0,0.250000
109_7.tif,110_7.tif,0,0.314815
109_7.tif,110_8.tif,0,0.287037
109_8.tif,110_1.tif,0,0.234694
109_8.tif,110_2.tif,0,0.275510
109_8.tif,110_3.tif,0,0.224490
109_8.tif,110_4.tif,0,0.224490
109_8.tif,110_5.tif,0,0.265306
109_8.tif,110_6.tif,0,0.183673
109_8.tif,110_7.tif,0,0.275510
109_8.tif,110_8.tif,0,0.255102
110_1.tif,110_2.tif,1,0.324786
110_1.tif,110_3.tif,1,0.230769
110_1.tif,110_4.tif,1,0.189655
110_1.tif,110_5.tif,1,0.209524
110_1.tif,110_6.tif,1,0.277778
110_1.tif,110_7.tif,1,0.350427
110_1.tif,110_8.tif,1,0.290598
110_2.tif,110_3.tif,1,0.268293
110_2.tif,110_4.tif,1,0.301724
110_2.tif,110_5.tif,1,0.276190
110_2.tif,110_6.tif,1,0.342593
110_2.tif,110_7.tif,1,0.349593
110_2.tif,110_8.tif,1,0.219512
110_3.tif,110_4.tif,1,0.267241
110_3.tif,110_5.tif,1,0.209524
110_3.tif,110_6.tif,1,0.231481
110_3.tif,110_7.tif,1,0.317073
110_3.tif,110_8.tif,1,0.227642
110_4.tif,110_5.tif,1,0.257143
110_4.tif,110_6.tif,1,0.231481
110_4.tif,110_7.tif,1,0.379310
110_4.tif,110_8.tif,1,0.275862
110_5.tif,110_6.tif,1,0.200000
110_5.tif,110_7.tif,1,0.304762
110_5.tif,110_8.tif,1,0.247619
110_6.tif,110_7.tif,1,0.342593
110_6.tif,110_8.tif,1,0.277778
110_7.tif,110_8.tif,1,0.353846
